0.21,0.97,-0.22,148,1,1,1,51,1023,0,0,1,1
0.1,0.98,0.17,134,1,1,1,26,931,1,0,1,1
0.16,0.97,0.01,134,1,1,1,26,931,1,0,1,1
0.11,1.0,0.03,148,1,1,1,51,931,1,0,1,1
0.11,0.99,0.02,148,1,1,1,26,931,1,0,1,1
0.11,0.98,-0.03,148,1,1,1,26,936,1,0,1,1
0.12,0.96,-0.02,134,1,1,1,26,1023,0,0,1,1
0.06,0.98,-0.03,121,1,1,1,26,1023,0,0,1,1
0.17,0.97,0.02,134,1,1,1,26,1023,0,0,1,1
0.1,0.98,0.03,121,1,1,1,51,1023,0,0,1,1
0.04,0.98,0.06,134,1,1,1,26,1023,0,0,1,1
-0.06,0.97,0.24,134,1,1,1,26,1023,0,0,1,1
-0.04,1.01,0.14,148,1,1,1,26,1023,0,0,1,1
-0.05,0.98,0.11,134,1,1,1,1,1023,0,0,1,1
-0.02,0.97,0.1,148,1,1,1,1,1023,0,0,1,1
0.01,0.99,0.1,148,1,1,1,1,1023,0,0,1,1
-0.01,0.98,0.11,174,1,1,1,1,1023,0,0,1,1
-0.01,0.97,0.07,174,1,1,1,1,1023,0,0,1,1
0.01,0.98,0.1,174,1,1,1,1,1023,0,0,1,1
0.03,0.97,0.11,174,1,1,1,1,1023,0,0,1,1
-0.0,0.98,0.11,174,1,1,1,1,1023,0,0,1,1
0.01,0.97,0.12,161,1,1,1,1,1023,0,0,1,1
-0.01,0.97,0.13,174,1,1,1,1,1023,0,0,1,1
0.02,0.97,0.09,174,1,1,1,1,1023,0,0,1,1
0.01,0.98,0.08,174,1,1,1,1,1023,0,0,1,1
0.0,0.98,0.09,174,1,1,1,1,1023,0,0,1,1
0.07,0.98,0.06,174,1,1,1,1,1023,0,0,1,1
0.05,0.97,0.04,161,1,1,1,1,1023,0,0,1,1
-0.02,0.97,0.11,148,1,1,1,1,931,1,0,1,1
0.02,0.97,0.06,161,1,1,1,1,931,1,0,1,1
0.09,0.99,-0.02,161,1,1,1,1,931,1,0,1,1
0.1,0.98,0.05,148,1,1,1,1,933,1,0,1,1
0.09,0.98,0.04,161,1,1,1,1,1021,0,0,1,1
0.12,0.98,0.05,161,1,1,1,1,931,1,0,1,1
0.09,0.99,0.03,161,1,1,1,1,931,1,0,1,1
0.09,0.98,0.04,161,1,1,1,1,931,1,0,1,1
0.08,0.98,0.04,174,1,1,1,1,1023,0,0,1,1
0.1,0.98,0.06,161,1,1,1,1,1023,0,0,1,1
0.1,0.97,0.03,174,1,1,1,1,1023,0,0,1,1
0.11,0.99,0.0,174,1,1,1,1,1023,0,0,1,1
0.1,1.0,0.01,161,1,1,1,1,1023,0,0,1,1
0.11,0.98,-0.0,174,1,1,1,1,1023,0,0,1,1
0.06,0.98,0.08,174,1,1,1,1,1023,0,0,1,1
0.05,0.96,-0.0,188,1,1,1,1,1023,0,0,1,1
0.14,0.96,0.02,174,1,1,1,1,1023,0,0,1,1
0.09,0.99,-0.0,174,1,1,1,1,1023,0,0,1,1
0.1,0.97,0.03,174,1,1,1,26,1023,0,0,1,1
-0.09,0.91,0.16,188,1,1,1,1,1023,0,0,1,1
-0.04,0.99,-0.06,174,1,1,1,1,1023,0,0,1,1
0.16,0.97,-0.02,161,1,1,1,1,1023,0,0,1,1
0.06,0.97,-0.05,174,1,1,1,1,1023,0,0,1,1
-0.01,0.95,-0.02,161,1,1,1,1,1023,0,0,1,1
-0.03,0.98,0.01,174,1,1,1,1,1023,0,0,1,1
-0.1,0.96,0.27,161,1,1,1,1,931,1,0,1,1
0.2,0.95,0.09,94,1,1,1,1,931,1,1,1,1
0.16,0.98,0.02,81,1,1,1,26,931,1,0,1,1
0.05,0.97,0.08,201,1,1,1,1,1023,0,0,1,1
0.01,0.95,0.24,228,1,1,1,1,1023,0,0,1,1
0.16,0.97,0.03,228,1,1,1,1,1023,0,0,1,1
0.03,0.98,0.12,228,1,1,1,1,1023,0,0,1,1
0.05,0.98,0.11,241,1,1,1,1,1023,0,0,1,1
0.03,0.97,0.07,241,1,1,1,1,1023,0,0,1,1
0.09,0.97,0.06,255,1,1,1,1,1023,0,0,1,1
0.05,0.97,0.08,255,1,1,1,1,1023,0,0,1,1
0.04,0.96,0.14,255,1,1,1,1,1023,0,0,1,1
0.18,0.98,-0.0,255,1,1,1,1,1023,0,0,1,1
-0.04,0.97,0.16,255,1,1,1,1,1023,0,0,1,1
-0.01,0.96,0.18,228,1,1,1,1,1023,0,0,1,1
-0.12,0.95,0.18,255,1,1,1,1,1023,0,0,1,1
-0.09,0.97,0.09,241,1,1,1,1,1023,0,0,1,1
-0.04,0.96,0.12,255,1,1,1,1,1023,0,0,1,1
-0.11,0.98,0.13,255,1,1,1,1,1023,0,0,1,1
-0.18,0.98,0.03,255,1,1,1,1,1023,0,0,1,1
-0.1,0.9,0.26,228,1,1,1,1,1023,0,0,1,1
0.22,0.97,-0.01,255,1,1,1,1,1023,0,0,1,1
0.15,0.98,0.03,241,1,1,1,1,1023,0,0,1,1
-0.16,0.96,0.15,241,1,1,1,1,943,1,0,1,1
-0.16,0.95,0.13,228,1,1,1,1,938,1,0,1,1
-0.11,0.95,0.14,255,1,1,1,1,1023,0,0,1,1
-0.09,0.97,0.13,255,1,1,1,1,1023,0,0,1,1
-0.07,0.97,0.11,255,1,1,1,1,932,1,0,1,1
-0.11,0.97,0.15,255,1,1,1,1,936,1,0,1,1
-0.1,0.95,-0.02,188,1,1,1,1,1023,0,0,0,0
-0.03,1.02,0.05,228,1,1,1,1,1023,0,1,1,1
-0.02,0.97,0.07,255,1,1,1,26,1023,0,1,1,1
-0.09,0.94,0.02,255,1,1,1,1,1023,0,1,1,1
-0.03,1.01,-0.01,255,1,1,1,1,1023,0,1,1,1
-0.05,1.04,-0.01,255,1,1,1,1,1023,0,1,0,0
-0.04,0.99,-0.05,255,1,1,1,1,1023,0,1,1,1
0.27,0.89,0.43,255,1,1,1,1,1023,0,1,1,1
-0.09,0.92,-0.24,255,1,1,1,1,1023,0,1,1,1
-0.19,0.98,-0.4,255,1,1,1,1,1023,0,1,1,1
0.35,0.91,0.17,255,1,1,1,1,1023,0,1,1,1
0.13,0.97,0.01,255,1,1,1,1,1023,0,1,1,1
0.18,0.95,0.22,255,1,1,1,1,1023,0,1,1,1
0.25,0.95,0.07,255,1,1,1,1,1023,0,1,1,1
0.23,0.94,0.16,255,1,1,1,1,1023,0,1,1,1
0.19,0.96,0.2,255,1,1,1,1,1023,0,1,1,1
0.21,0.96,0.17,255,1,1,1,1,1023,0,1,1,1
0.18,0.98,-0.01,255,1,1,1,1,1023,0,1,1,1
0.15,0.98,0.08,255,1,1,1,1,1023,0,1,1,1
0.14,0.97,0.12,255,1,1,1,1,1023,0,1,1,1
0.13,0.96,0.19,255,1,1,1,1,1023,0,1,1,1
0.18,0.97,0.22,255,1,1,1,1,1023,0,1,1,1
0.09,0.96,-0.14,255,1,1,1,1,1023,0,1,1,1
0.06,0.99,-0.06,255,1,1,1,1,1023,0,1,1,1
0.05,0.99,0.03,255,1,1,1,1,1023,0,1,1,1
0.14,0.98,0.09,255,1,1,1,1,1023,0,1,1,1
0.09,0.98,0.05,255,1,1,1,1,1023,0,1,1,1
-0.06,0.97,0.21,255,1,1,1,1,1023,0,1,1,1
-0.03,0.97,0.14,255,1,1,1,1,1023,0,1,1,1
0.1,0.94,0.13,255,1,1,1,1,1023,0,1,1,1
0.18,0.97,0.06,255,1,1,1,1,1023,0,1,1,1
0.14,0.97,0.12,255,1,1,1,1,1023,0,1,1,1
0.04,0.97,0.15,255,1,1,1,1,1023,0,1,1,1
0.0,0.94,0.24,255,1,1,1,1,1023,0,1,1,1
-0.03,0.97,0.25,255,1,1,1,1,1023,0,1,1,1
0.07,0.97,0.14,255,1,1,1,1,1023,0,1,1,1
0.05,0.95,0.14,255,1,1,1,1,1023,0,1,1,1
0.27,0.93,-0.01,255,1,1,1,1,1023,0,1,1,1
0.15,0.97,-0.11,255,1,1,1,1,931,1,1,1,1
0.02,0.99,-0.17,255,1,1,1,1,931,1,1,1,1
0.07,0.99,-0.15,255,1,1,1,1,931,1,1,1,1
0.11,0.96,-0.04,255,1,1,1,1,950,1,1,1,1
-0.01,1.01,-0.42,255,1,1,1,1,937,1,1,1,1
-0.07,1.02,-0.18,255,1,1,1,1,1023,0,1,1,1
0.07,1.0,-0.09,255,1,1,1,1,1023,0,1,1,1
0.17,0.91,0.32,255,1,1,1,1,1023,0,1,1,1
0.23,0.93,0.31,255,1,1,1,1,1023,0,1,1,1
0.18,0.94,0.27,255,1,1,1,1,1023,0,1,1,1
0.18,0.95,0.12,255,1,1,1,1,1023,0,1,1,1
0.18,0.93,0.2,255,1,1,1,1,1023,0,1,1,1
0.03,0.98,-0.04,255,1,1,1,1,1023,0,1,1,1
0.16,0.95,-0.2,255,1,1,1,1,1023,0,1,1,1
0.01,0.96,0.21,255,1,1,1,1,935,1,1,1,1
-0.1,0.96,0.31,255,1,1,1,1,931,1,1,1,1
0.07,0.99,0.04,255,1,1,1,1,931,1,1,1,1
-0.01,0.95,0.09,255,1,1,1,1,1023,0,1,1,1
0.06,0.98,0.04,255,1,1,1,1,1023,0,1,1,1
0.06,0.96,-0.02,255,1,1,1,1,1023,0,1,1,1
0.15,0.98,-0.05,255,1,1,1,1,1023,0,1,1,1
-0.07,0.96,0.24,255,1,1,1,1,1023,0,1,1,1
0.06,1.0,-0.02,255,1,1,1,1,1023,0,1,1,1
0.17,0.97,-0.12,255,1,1,1,1,1023,0,1,1,1
0.14,0.97,-0.16,255,1,1,1,1,1023,0,1,1,1
-0.06,0.98,0.1,255,1,1,1,1,1023,0,1,1,1
-0.02,1.11,0.04,255,1,1,1,1,1023,0,1,1,1
-0.21,0.98,-0.02,255,1,1,1,1,1023,0,1,1,1
0.08,0.95,-0.25,255,1,1,1,1,1023,0,1,1,1
0.2,0.98,-0.08,255,1,1,1,1,1023,0,1,1,1
0.1,1.02,0.01,255,1,1,1,1,1023,0,1,1,1
0.45,0.91,-0.22,255,1,1,1,1,1023,0,1,1,1
0.09,0.84,-0.0,255,1,1,1,1,1023,0,1,1,1
0.22,0.81,-0.14,255,1,1,1,1,1023,0,1,1,1
0.07,1.04,-0.22,255,1,1,1,1,1023,0,1,1,1
0.35,0.9,-0.35,255,1,1,1,1,1023,0,1,1,1
0.28,0.91,-0.33,255,1,1,1,1,1023,0,1,1,1
0.19,0.93,-0.29,255,1,1,1,1,1023,0,1,1,1
0.17,0.96,-0.24,255,1,1,1,1,1023,0,1,1,1
0.13,0.98,-0.16,255,1,1,1,1,1023,0,1,1,1
0.06,0.98,-0.24,255,1,1,1,1,1023,0,1,1,1
-0.08,0.96,-0.27,255,1,1,1,1,1023,0,1,1,1
0.21,0.96,-0.18,255,1,1,1,1,1023,0,1,1,1
0.02,0.93,-0.34,255,1,1,1,1,1023,0,1,1,1
0.02,0.93,-0.27,255,1,1,1,1,1023,0,1,1,1
0.07,0.95,-0.32,255,1,1,1,1,1023,0,1,1,1
0.09,0.96,-0.29,255,1,1,1,1,1023,0,1,1,1
0.05,0.95,-0.24,255,1,1,1,1,1023,0,1,1,1
0.04,0.97,-0.22,255,1,1,1,1,1023,0,1,1,1
0.04,0.97,-0.24,255,1,1,1,1,1023,0,1,1,1
0.04,0.96,-0.27,255,1,1,1,1,1023,0,1,1,1
0.04,0.96,-0.3,255,1,1,1,1,1023,0,1,1,1
0.07,0.97,-0.25,255,1,1,1,1,1023,0,1,1,1
-0.02,0.94,-0.32,255,1,1,1,1,1023,0,1,1,1
-0.01,0.94,-0.29,255,1,1,1,1,1023,0,1,1,1
-0.01,0.94,-0.31,255,1,1,1,1,1023,0,1,1,1
0.07,0.94,-0.27,255,1,1,1,1,1023,0,1,1,1
-0.11,0.95,-0.26,255,1,1,1,1,1023,0,1,1,1
-0.11,0.97,-0.26,255,1,1,1,1,1023,0,1,1,1
-0.05,0.95,-0.25,255,1,1,1,1,1023,0,1,1,1
-0.06,0.95,-0.31,255,1,1,1,1,1023,0,1,1,1
-0.04,0.95,-0.33,255,1,1,1,1,1023,0,1,1,1
-0.07,0.94,-0.3,255,1,1,1,1,1023,0,1,1,1
-0.07,0.94,-0.29,255,1,1,1,1,1023,0,1,1,1
0.12,0.93,-0.21,255,1,1,1,1,1023,0,1,1,0
0.03,0.99,-0.15,255,1,1,1,1,1023,0,1,0,0
-0.14,0.97,-0.2,255,1,1,1,1,1023,0,1,1,1
-0.09,0.96,-0.18,255,1,1,1,1,1023,0,1,1,1
-0.12,0.98,-0.17,255,1,1,1,1,1023,0,1,1,1
-0.1,0.95,-0.13,255,1,1,1,1,1023,0,1,1,1
-0.1,0.96,-0.17,255,1,1,1,1,1023,0,1,1,1
0.07,1.0,-0.18,255,1,1,1,1,1023,0,1,1,1
-0.06,0.98,-0.16,255,1,1,1,1,1023,0,1,1,1
-0.1,0.97,-0.09,255,1,1,1,1,1023,0,1,1,1
-0.1,0.96,-0.2,255,1,1,1,1,1023,0,1,1,1
-0.04,0.98,-0.15,255,1,1,1,1,1023,0,1,1,1
-0.08,0.97,-0.26,255,1,1,1,1,1023,0,1,1,1
-0.18,0.98,-0.1,255,1,1,1,1,1023,0,1,1,1
0.02,0.97,-0.21,255,1,1,1,1,1023,0,1,1,1
-0.13,0.98,-0.16,255,1,1,1,1,1023,0,1,1,1
0.1,0.96,-0.19,255,1,1,1,1,1023,0,1,1,1
-0.01,0.95,-0.27,255,1,1,1,1,1023,0,1,1,1
-0.25,0.97,-0.09,255,1,1,1,1,1023,0,1,1,1
-0.05,0.96,-0.2,255,1,1,1,1,1023,0,1,1,1
-0.09,0.96,-0.24,255,1,1,1,1,1023,0,1,1,1
-0.1,0.97,-0.14,255,1,1,1,1,1023,0,1,1,1
0.07,0.96,-0.24,255,1,1,1,1,1023,0,1,1,1
-0.04,0.97,-0.12,255,1,1,1,1,1023,0,1,1,1
0.05,0.96,-0.23,255,1,1,1,1,1023,0,1,1,1
-0.19,0.96,-0.24,255,1,1,1,1,1023,0,1,1,1
-0.16,0.96,-0.15,255,1,1,1,1,1023,0,1,1,1
-0.3,1.0,-0.16,255,1,1,1,1,1023,0,1,1,1
-0.25,0.93,-0.08,255,1,1,1,1,1023,0,1,1,1
-0.23,0.94,-0.06,255,1,1,1,1,1023,0,1,1,1
-0.3,0.93,-0.09,255,1,1,1,1,1023,0,1,1,1
-0.29,0.93,-0.03,255,1,1,1,1,1023,0,1,1,1
-0.28,0.92,-0.06,255,1,1,1,1,1023,0,1,1,1
-0.34,0.94,-0.05,255,1,1,1,1,938,1,1,1,1
-0.2,0.95,-0.07,255,1,1,1,1,1023,0,1,1,1
-0.19,0.96,-0.06,255,1,1,1,1,1023,0,1,1,1
-0.24,0.94,-0.19,255,1,1,1,1,1023,0,1,1,1
-0.27,0.94,-0.17,255,1,1,1,1,1023,0,1,1,1
-0.19,0.94,0.02,255,1,1,1,1,972,1,1,1,1
-0.23,0.96,-0.09,255,1,1,1,1,1023,0,1,1,1
-0.18,0.94,-0.11,255,1,1,1,1,1023,0,1,1,1
-0.25,0.89,-0.36,255,1,1,1,1,1023,0,1,1,1
-0.18,0.87,-0.44,255,1,1,1,1,1023,0,1,0,0
-0.22,0.87,-0.42,255,1,1,1,1,1023,0,1,1,1
-0.24,0.91,-0.33,255,1,1,1,1,1023,0,1,1,1
-0.22,0.86,-0.41,255,1,1,1,1,1023,0,1,1,1
-0.17,0.86,-0.47,255,1,1,1,1,1023,0,1,1,1
-0.18,0.87,-0.49,255,1,1,1,1,1023,0,1,1,1
-0.16,0.84,-0.5,255,1,1,1,1,1023,0,1,1,1
0.01,0.98,-0.11,255,1,1,1,1,1023,0,1,1,1
0.56,0.83,0.14,255,1,1,1,1,1023,0,1,1,1
0.57,0.85,0.11,255,1,1,1,1,1023,0,1,1,1
0.35,0.91,-0.09,255,1,1,1,1,1023,0,1,1,1
0.22,0.94,-0.17,255,1,1,1,1,1023,0,1,1,1
0.34,1.06,-0.19,255,1,1,1,1,1023,0,1,1,1
0.28,0.97,-0.08,255,1,1,1,1,1023,0,1,1,1
0.25,0.96,-0.07,255,1,1,1,1,1023,0,1,1,1
0.2,0.97,-0.07,255,1,1,1,1,1023,0,1,1,1
0.15,0.98,-0.09,255,1,1,1,1,1023,0,1,1,1
0.18,0.97,-0.04,255,1,1,1,1,1023,0,1,1,1
0.01,0.96,-0.02,255,1,1,1,1,1023,0,1,1,1
0.0,0.98,-0.0,255,1,1,1,1,1023,0,1,1,1
0.12,0.99,0.01,255,1,1,1,1,1023,0,1,1,1
0.07,1.0,-0.01,255,1,1,1,1,1023,0,1,1,1
0.04,0.98,0.01,255,1,1,1,1,1023,0,1,1,1
0.07,0.99,0.01,255,1,1,1,1,1023,0,1,1,1
0.12,0.97,0.01,255,1,1,1,1,1023,0,1,1,1
-0.0,0.99,-0.06,255,1,1,1,1,1023,0,1,1,1
0.01,0.99,-0.05,255,1,1,1,1,1023,0,1,1,1
0.09,0.98,-0.01,255,1,1,1,1,1023,0,1,1,1
0.08,0.97,-0.03,255,1,1,1,1,1023,0,1,1,1
-0.05,0.99,-0.26,255,1,1,1,1,1023,0,1,1,1
0.02,0.97,-0.23,255,1,1,1,1,1023,0,1,1,1
-0.16,0.93,-0.26,255,1,1,1,1,1023,0,1,1,1
-0.12,0.95,-0.2,255,1,1,1,1,1023,0,1,1,1
-0.11,0.94,-0.24,255,1,1,1,1,1023,0,1,1,1
-0.1,0.93,-0.28,255,1,1,1,1,1023,0,1,1,1
-0.17,0.96,-0.23,255,1,1,1,1,1023,0,1,1,1
-0.11,0.95,-0.25,255,1,1,1,1,1023,0,1,1,1
-0.11,0.95,-0.22,255,1,1,1,1,1023,0,1,1,1
0.16,0.96,0.06,255,1,1,1,1,1023,0,1,1,1
0.05,0.96,0.06,255,1,1,1,1,1023,0,1,1,1
0.14,1.0,-0.01,255,1,1,1,1,1023,0,1,1,1
0.12,0.96,0.14,255,1,1,1,1,1023,0,1,1,1
0.04,0.95,0.13,255,1,1,1,1,1023,0,1,1,1
-0.02,0.99,-0.09,255,1,1,1,1,1023,0,1,1,1
0.04,0.97,-0.14,255,1,1,1,1,1023,0,1,1,1
-0.06,0.98,-0.12,255,1,1,1,1,1023,0,1,1,1
-0.05,0.97,-0.21,255,1,1,1,1,1023,0,1,1,1
-0.08,0.98,-0.2,255,1,1,1,1,1023,0,1,1,1
-0.01,0.97,-0.05,255,1,1,1,1,1023,0,1,1,1
-0.07,0.97,-0.14,255,1,1,1,1,1023,0,1,1,1
-0.13,0.99,-0.09,255,1,1,1,1,1023,0,1,1,1
-0.11,0.99,-0.06,255,1,1,1,1,1023,0,1,1,1
-0.1,0.96,-0.14,255,1,1,1,1,1023,0,1,1,1
-0.11,0.98,-0.07,255,1,1,1,1,1023,0,1,1,1
-0.12,0.97,-0.1,255,1,1,1,1,1023,0,1,1,1
-0.12,0.98,-0.14,255,1,1,1,1,931,1,1,1,1
-0.1,0.98,-0.37,255,1,1,1,1,1023,0,1,1,1
-0.15,0.97,-0.13,255,1,1,1,1,1023,0,1,1,1
-0.17,0.96,0.01,255,1,1,1,1,1023,0,1,1,1
-0.18,0.98,-0.03,255,1,1,1,1,1023,0,1,1,1
-0.08,0.95,0.17,255,1,1,1,1,1023,0,1,1,1
-0.11,0.99,-0.07,255,1,1,1,1,1023,0,1,1,1
-0.13,0.99,-0.19,255,1,1,1,1,975,0,1,1,1
0.16,0.95,0.2,255,1,1,1,1,935,1,1,1,1
-0.05,0.96,-0.18,255,1,1,1,1,959,1,1,1,1
-0.26,0.99,-0.05,255,1,1,1,1,1023,0,1,1,1
0.31,0.97,0.15,255,1,1,1,1,1023,0,1,1,1
0.2,0.87,-0.28,255,1,1,1,1,938,1,1,1,1
0.59,0.8,-0.42,255,1,1,1,1,940,1,1,1,1
-0.03,0.92,-0.2,255,1,1,1,1,1023,0,1,1,1
0.01,0.91,-0.21,255,1,1,1,1,1023,0,1,1,1
0.09,0.99,-0.13,255,1,1,1,1,1023,0,1,1,1
0.08,0.99,-0.16,255,1,1,1,1,1023,0,1,1,1
-0.1,0.95,-0.3,255,1,1,1,1,1023,0,1,1,1
-0.08,0.96,-0.21,255,1,1,1,1,1023,0,1,1,1
-0.06,0.97,-0.16,255,1,1,1,1,1023,0,1,1,1
0.11,0.97,0.02,255,1,1,1,1,932,1,1,1,1
0.1,0.97,-0.01,255,1,1,1,1,1023,0,1,1,1
-0.03,0.98,-0.23,255,1,1,1,1,1023,0,1,1,1
-0.0,0.97,-0.19,255,1,1,1,1,1023,0,1,1,1
-0.1,0.94,-0.36,255,1,1,1,1,1023,0,1,1,1
-0.0,0.97,-0.2,255,1,1,1,1,1023,0,1,1,1
-0.11,0.97,-0.19,255,1,1,1,1,1023,0,1,1,1
-0.18,0.94,-0.32,255,1,1,1,1,1023,0,1,1,1
-0.28,1.04,0.21,255,1,1,1,1,1023,0,1,1,1
0.08,0.99,-0.21,255,1,1,1,1,1023,0,1,1,1
-0.05,0.98,-0.13,255,1,1,1,1,1023,0,1,1,1
0.07,0.97,-0.23,255,1,1,1,1,1023,0,1,1,1
-0.18,0.96,-0.16,255,1,1,1,1,1023,0,1,1,1
-0.15,0.96,-0.29,255,1,1,1,1,931,1,1,1,1
0.06,0.96,-0.22,255,1,1,1,1,931,1,1,1,1
0.01,0.97,-0.01,255,1,1,1,1,946,1,1,1,1
-0.12,0.97,-0.16,255,1,1,1,1,1023,0,1,1,1
-0.16,0.96,-0.09,255,1,1,1,1,1023,0,1,1,1
0.0,0.98,0.07,255,1,1,1,1,1023,0,1,1,1
-0.1,0.97,0.04,255,1,1,1,1,931,1,1,1,1
-0.14,0.94,-0.22,255,1,1,1,1,1023,0,1,1,1
-0.23,0.96,-0.25,255,1,1,1,1,1023,0,1,1,1
-0.03,0.97,-0.12,255,1,1,1,1,1023,0,1,1,1
-0.1,0.99,-0.01,255,1,1,1,1,1023,0,1,1,1
-0.2,0.95,-0.1,255,1,1,1,1,1023,0,1,1,1
-0.06,0.97,0.02,255,1,1,1,1,1023,0,1,1,1
-0.11,0.99,0.01,255,1,1,1,1,1023,0,1,1,1
-0.05,0.97,-0.06,255,1,1,1,1,1023,0,1,1,1
0.03,0.97,-0.0,255,1,1,1,1,1023,0,1,1,1
-0.04,0.98,0.05,255,1,1,1,1,1023,0,1,1,1
-0.1,0.97,0.06,255,1,1,1,1,1023,0,1,1,1
-0.03,0.95,0.05,255,1,1,1,1,931,1,1,1,1
-0.08,0.98,-0.02,255,1,1,1,1,1023,0,1,1,1
-0.07,0.96,0.05,255,1,1,1,1,1023,0,1,1,1
-0.05,1.0,-0.01,255,1,1,1,1,1023,0,1,1,1
-0.04,0.99,-0.02,255,1,1,1,1,1023,0,1,1,1
-0.03,0.99,-0.01,255,1,1,1,1,1023,0,1,1,1
-0.03,0.98,-0.0,255,1,1,1,1,1023,0,1,1,1
-0.12,0.96,-0.08,255,1,1,1,1,1023,0,1,1,1
-0.01,0.99,0.06,255,1,1,1,1,1023,0,1,1,1
-0.1,0.96,0.13,255,1,1,1,1,1023,0,1,1,1
-0.19,0.97,0.04,255,1,1,1,1,1023,0,1,1,1
-0.07,0.96,0.26,255,1,1,1,1,1023,0,1,1,1
-0.11,0.95,0.13,255,1,1,1,1,1023,0,1,1,1
-0.15,0.96,0.13,255,1,1,1,1,1023,0,1,1,1
-0.13,0.98,0.13,255,1,1,1,1,1023,0,1,1,1
-0.14,0.95,0.13,255,1,1,1,1,1023,0,1,1,1
-0.11,0.98,0.11,255,1,1,1,1,1023,0,1,1,1
-0.12,0.95,0.12,255,1,1,1,1,1023,0,1,1,1
-0.11,0.97,0.14,255,1,1,1,1,1023,0,1,1,1
-0.19,0.98,0.03,255,1,1,1,1,1023,0,1,1,1
-0.15,0.96,0.02,255,1,1,1,1,1023,0,1,1,1
-0.15,0.97,0.03,255,1,1,1,1,1023,0,1,1,1
-0.15,1.0,-0.07,255,1,1,1,1,1023,0,1,1,1
-0.09,1.0,-0.09,255,1,1,1,1,1023,0,1,1,1
-0.13,0.96,0.12,255,1,1,1,1,1022,0,1,1,1
-0.13,0.96,0.2,255,1,1,1,1,1000,0,1,1,1
-0.16,0.96,0.12,255,1,1,1,1,1023,0,1,1,1
-0.16,0.95,0.16,255,1,1,1,1,1023,0,1,1,1
-0.14,0.94,0.18,255,1,1,1,1,1023,0,1,1,1
-0.04,0.94,0.29,255,1,1,1,1,1023,0,1,1,1
-0.1,0.95,0.19,255,1,1,1,1,1023,0,1,1,1
-0.2,0.97,0.01,255,1,1,1,1,1023,0,1,1,1
-0.06,0.95,0.24,255,1,1,1,1,1023,0,1,1,1
-0.12,0.95,0.23,255,1,1,1,1,1023,0,1,1,1
-0.18,0.9,-0.12,255,1,1,1,1,1023,0,1,1,1
-0.13,0.97,0.14,255,1,1,1,1,1023,0,1,1,1
-0.1,0.97,0.14,255,1,1,1,1,931,1,1,1,1
-0.08,0.97,0.15,255,1,1,1,1,931,1,1,1,1
-0.08,0.97,0.13,255,1,1,1,1,931,1,1,1,1
-0.02,0.96,0.12,255,1,1,1,1,931,1,1,1,1
-0.09,0.96,0.16,255,1,1,1,1,931,1,1,1,1
-0.07,0.97,0.07,255,1,1,1,1,931,1,1,1,1
-0.05,0.99,0.04,255,1,1,1,1,931,1,1,1,1
-0.06,0.97,0.01,255,1,1,1,1,931,1,1,1,1
-0.07,0.97,0.07,255,1,1,1,1,931,1,1,1,1
-0.08,0.97,0.07,255,1,1,1,1,931,1,1,1,1
-0.04,0.98,0.06,255,1,1,1,1,943,1,1,1,1
-0.06,0.98,0.06,255,1,1,1,1,931,1,1,1,1
-0.12,0.96,-0.12,255,1,1,1,1,952,1,1,1,1
-0.1,0.97,-0.04,255,1,1,1,1,932,1,1,1,1
-0.08,0.98,-0.05,255,1,1,1,1,931,1,1,1,1
-0.1,0.98,-0.02,255,1,1,1,1,934,1,1,1,1
-0.11,0.97,-0.03,255,1,1,1,1,971,1,1,1,1
-0.1,0.97,-0.01,255,1,1,1,1,931,1,1,1,1
-0.08,0.98,-0.03,255,1,1,1,1,931,1,1,1,1
-0.09,0.97,-0.03,255,1,1,1,1,931,1,1,1,1
-0.1,0.98,-0.01,255,1,1,1,1,931,1,1,1,1
-0.1,0.98,-0.01,255,1,1,1,1,931,1,1,1,1
-0.1,0.97,-0.0,255,1,1,1,1,931,1,1,1,1
-0.11,0.98,-0.02,255,1,1,1,1,931,1,1,1,1
-0.09,0.97,-0.01,255,1,1,1,1,931,1,1,1,1
-0.1,0.97,0.01,255,1,1,1,1,931,1,1,1,1
-0.1,0.98,-0.05,255,1,1,1,1,931,1,1,1,1
-0.1,0.97,-0.03,255,1,1,1,1,931,1,1,1,1
-0.12,0.97,-0.03,255,1,1,1,1,939,1,1,1,1
-0.11,0.97,-0.04,255,1,1,1,1,932,1,1,1,1
-0.11,0.99,-0.04,255,1,1,1,1,933,1,1,1,1
-0.13,0.97,-0.03,255,1,1,1,1,1023,0,1,1,1
-0.14,0.98,0.05,255,1,1,1,1,1023,0,1,1,1
-0.12,0.97,0.04,255,1,1,1,1,1023,0,1,1,1
-0.2,0.98,0.03,255,1,1,1,1,939,1,1,1,1
-0.19,0.97,0.04,255,1,1,1,1,942,1,1,1,1
-0.17,0.97,0.17,255,1,1,1,1,1023,0,1,1,1
-0.1,0.97,0.06,255,1,1,1,1,1023,0,1,1,1
-0.15,0.97,0.01,255,1,1,1,1,1023,0,1,1,1
-0.11,0.97,-0.01,255,1,1,1,1,1023,0,1,1,1
-0.14,0.96,0.01,255,1,1,1,1,1023,0,1,1,1
-0.11,0.97,0.03,255,1,1,1,1,931,1,1,1,1
-0.12,0.97,0.05,255,1,1,1,1,931,1,1,1,1
-0.11,0.96,0.05,255,1,1,1,1,931,1,1,1,1
-0.12,0.97,0.05,255,1,1,1,1,954,1,1,1,1
-0.12,0.97,0.05,255,1,1,1,1,987,0,1,1,1
-0.13,0.97,0.03,255,1,1,1,1,946,1,1,1,1
-0.16,0.95,-0.04,255,1,1,1,1,943,1,1,1,1
-0.12,0.98,-0.09,255,1,1,1,1,945,1,1,1,1
-0.13,0.98,-0.04,255,1,1,1,1,938,1,1,1,1
-0.11,0.97,-0.07,255,1,1,1,1,941,1,1,1,1
-0.1,0.97,-0.05,255,1,1,1,1,944,1,1,1,1
-0.13,0.97,-0.06,255,1,1,1,1,1023,0,1,1,1
-0.13,0.97,-0.07,255,1,1,1,1,1023,0,1,1,1
-0.14,0.97,-0.05,255,1,1,1,1,1023,0,1,1,1
-0.25,0.95,0.05,255,1,1,1,1,1023,0,1,1,1
-0.27,1.01,-0.29,255,1,1,1,1,1023,0,1,1,1
0.26,0.94,-0.01,255,1,1,1,1,931,1,1,1,1
0.24,0.96,-0.02,255,1,1,1,1,1023,0,1,1,1
0.33,0.92,-0.09,255,1,1,1,1,1023,0,1,1,1
0.07,0.98,0.02,255,1,1,1,1,1023,0,1,1,1
-0.01,0.99,-0.01,255,1,1,1,1,1023,0,1,1,1
0.08,0.97,0.04,255,1,1,1,1,931,1,1,1,1
0.15,0.99,-0.09,255,1,1,1,1,1023,0,1,1,1
-0.07,0.98,0.01,255,1,1,1,1,1023,0,1,1,1
-0.0,0.98,-0.19,255,1,1,1,1,1023,0,1,1,1
-0.28,0.99,-0.12,255,1,1,1,1,1023,0,1,1,1
-0.2,1.02,-0.15,255,1,1,1,1,1023,0,1,1,1
0.03,0.97,-0.1,255,1,1,1,1,1023,0,1,1,1
-0.18,0.94,-0.16,255,1,1,1,1,1022,0,1,1,1
-0.11,0.97,-0.14,255,1,1,1,1,1023,0,1,1,1
-0.12,0.97,-0.11,255,1,1,1,1,1023,0,1,1,1
-0.05,0.97,-0.11,255,1,1,1,1,1023,0,1,1,1
-0.09,0.97,-0.14,255,1,1,1,1,1023,0,1,1,1
-0.01,1.0,-0.07,255,1,1,1,1,1023,0,1,1,1
-0.02,0.98,-0.05,255,1,1,1,1,931,1,1,1,1
-0.0,0.97,-0.07,255,1,1,1,1,931,1,1,1,1
-0.03,0.99,-0.04,255,1,1,1,1,931,1,1,1,1
-0.02,0.98,-0.06,255,1,1,1,1,931,1,1,1,1
-0.03,0.98,-0.06,255,1,1,1,1,931,1,1,1,1
-0.0,0.98,-0.06,255,1,1,1,1,931,1,1,1,1
-0.04,0.98,-0.07,255,1,1,1,1,931,1,1,1,1
-0.02,0.98,-0.03,255,1,1,1,1,931,1,1,1,1
-0.02,0.98,-0.04,255,1,1,1,1,931,1,1,1,1
-0.09,1.02,-0.08,255,1,1,1,1,931,1,1,1,1
-0.04,0.99,-0.05,255,1,1,1,1,931,1,1,1,1
0.15,0.96,-0.08,255,1,1,1,1,931,1,1,1,1
-0.23,1.03,0.29,255,1,1,1,1,931,1,1,1,1
0.22,0.95,-0.3,255,1,1,1,1,931,1,1,1,1
0.17,0.95,-0.21,255,1,1,1,1,931,1,1,1,1
-0.26,0.98,0.16,255,1,1,1,1,932,1,1,1,1
-0.08,0.96,-0.1,255,1,1,1,1,990,0,1,1,1
0.15,0.96,-0.28,255,1,1,1,1,1023,0,1,1,1
0.03,0.98,-0.13,255,1,1,1,1,1023,0,1,1,1
0.18,0.98,-0.24,255,1,1,1,1,1023,0,1,1,1
0.25,0.94,-0.28,255,1,1,1,1,1023,0,1,1,1
0.13,0.97,-0.21,255,1,1,1,1,1023,0,1,1,1
0.16,0.97,-0.2,255,1,1,1,1,1023,0,1,1,1
0.14,0.98,-0.2,255,1,1,1,1,1023,0,1,1,1
0.08,0.97,-0.13,255,1,1,1,1,1023,0,1,1,1
-0.03,0.99,-0.06,255,1,1,1,1,1023,0,1,1,1
0.01,0.96,-0.05,255,1,1,1,1,1023,0,1,1,1
-0.07,0.98,0.04,255,1,1,1,1,1023,0,1,1,1
-0.23,0.95,0.21,255,1,1,1,1,1023,0,1,1,1
0.04,0.98,-0.13,255,1,1,1,1,1023,0,1,1,1
0.11,0.97,-0.21,255,1,1,1,1,1023,0,1,1,1
0.02,0.98,-0.1,255,1,1,1,1,1023,0,1,1,1
-0.01,0.99,-0.11,255,1,1,1,1,1022,0,1,1,1
-0.02,0.97,-0.06,255,1,1,1,1,1023,0,1,1,1
-0.01,0.98,-0.02,255,1,1,1,1,1023,0,1,1,1
-0.02,0.98,-0.01,255,1,1,1,1,1023,0,1,1,1
-0.05,0.98,0.05,255,1,1,1,1,1023,0,1,1,1
-0.02,0.99,-0.08,255,1,1,1,1,1023,0,1,1,1
-0.08,1.0,0.02,255,1,1,1,1,1023,0,1,1,1
0.08,0.97,-0.22,255,1,1,1,1,1023,0,1,1,1
-0.15,0.98,0.07,255,1,1,1,1,1023,0,1,1,1
0.12,0.97,-0.18,255,1,1,1,1,1023,0,1,1,1
-0.15,0.98,0.07,255,1,1,1,1,1023,0,1,1,1
-0.24,0.97,0.09,255,1,1,1,1,1023,0,1,1,1
0.06,0.97,-0.22,255,1,1,1,1,1023,0,1,1,1
-0.03,0.99,-0.04,255,1,1,1,1,1023,0,1,1,1
-0.04,0.99,-0.07,255,1,1,1,1,1023,0,1,1,1
-0.11,0.99,-0.08,255,1,1,1,1,1023,0,1,1,1
-0.06,0.98,-0.06,255,1,1,1,1,1023,0,1,1,1
-0.08,0.97,0.0,255,1,1,1,1,1023,0,1,1,1
0.02,1.01,-0.27,255,1,1,1,1,1023,0,1,1,1
-0.12,0.99,-0.07,255,1,1,1,1,1023,0,1,1,1
-0.11,0.97,-0.06,255,1,1,1,1,1023,0,1,1,1
-0.13,0.97,-0.04,255,1,1,1,1,1023,0,1,1,1
-0.03,0.98,-0.07,255,1,1,1,1,1023,0,1,1,1
-0.13,0.98,-0.09,255,1,1,1,1,1023,0,1,1,1
