0.02,0.99,0.06,255,255,1,1,1,1022,0,0,0,1
0.02,0.98,0.06,255,255,1,1,1,1023,0,0,0,1
0.04,0.99,0.04,255,255,1,1,1,1023,0,0,0,1
0.04,0.97,0.03,255,255,1,1,1,1023,0,0,0,1
0.03,0.98,0.07,255,255,1,1,1,1022,0,0,0,1
0.02,0.98,0.07,255,255,1,1,1,1023,0,0,0,1
0.03,0.99,0.08,255,255,1,1,1,1023,0,0,0,1
0.02,0.99,0.08,255,255,1,1,1,1021,0,0,0,1
0.03,0.98,0.07,255,255,1,1,1,1023,0,0,0,1
-0.02,0.98,0.03,255,255,1,1,1,1023,0,0,0,1
0.03,0.97,0.06,255,255,1,1,1,1022,0,0,0,1
-0.17,0.96,0.24,255,255,1,1,1,1022,0,0,0,1
-0.42,0.91,-0.26,255,255,1,1,1,1022,0,0,0,1
-0.41,0.24,0.9,255,255,1,1,1,1023,0,0,0,1
-0.23,0.3,0.93,255,85,1,1,1,1022,0,0,0,0
-0.24,0.26,0.91,255,85,1,1,1,1023,0,0,1,1
-0.25,0.27,0.9,255,255,1,1,1,1020,0,0,1,1
-0.27,0.27,0.89,255,255,1,1,1,1023,0,0,1,1
-0.29,0.29,0.89,255,255,1,1,1,1023,0,0,1,1
-0.3,0.27,0.89,255,255,1,1,1,1022,0,0,1,1
-0.3,0.29,0.88,255,255,1,1,1,1022,0,0,1,1
-0.3,0.28,0.88,255,255,1,1,1,1022,0,0,1,1
-0.3,0.29,0.87,255,255,1,1,1,1023,0,0,1,1
-0.31,0.29,0.87,255,255,1,1,1,1020,0,0,1,1
-0.32,0.3,0.88,255,255,1,1,1,1023,0,0,1,1
-0.31,0.3,0.87,255,255,1,1,1,1022,0,0,1,1
-0.32,0.3,0.88,255,255,1,1,1,1020,0,0,1,1
-0.32,0.31,0.87,255,255,1,1,1,1022,0,0,1,1
-0.32,0.3,0.87,255,255,1,1,1,1023,0,0,1,1
-0.32,0.3,0.87,255,255,1,1,1,1023,0,0,1,1
-0.33,0.3,0.85,255,255,1,1,1,1021,0,0,1,1
-0.31,0.31,0.86,255,1,1,1,1,1023,0,0,1,1
-0.31,0.31,0.87,255,1,1,1,1,1023,0,1,1,1
-0.32,0.3,0.86,255,1,1,1,1,1023,0,1,1,1
-0.31,0.31,0.87,255,1,1,1,1,1022,0,1,1,0
-0.33,0.32,0.85,255,1,1,1,1,1022,0,1,1,1
-0.31,0.31,0.86,255,1,1,1,1,1018,0,0,1,1
-0.36,0.28,0.84,255,1,1,1,1,1022,0,0,1,1
-0.37,0.3,0.85,255,1,1,1,1,1023,0,1,1,1
-0.37,0.3,0.85,255,1,1,1,1,1023,0,1,1,1
-0.41,0.29,0.83,255,1,1,1,1,1023,0,1,1,1
-0.38,0.3,0.84,255,1,1,1,1,1022,0,1,1,1
-0.38,0.29,0.85,255,1,1,1,1,1023,0,1,1,1
-0.38,0.3,0.84,255,1,1,1,1,1022,0,1,1,1
-0.4,0.3,0.83,255,1,1,1,1,1023,0,1,1,1
-0.38,0.3,0.83,255,1,1,1,1,1021,0,1,1,1
-0.4,0.29,0.83,255,1,1,1,1,1022,0,1,1,1
-0.4,0.29,0.83,255,1,1,1,1,1022,0,1,1,1
-0.4,0.29,0.83,255,1,1,1,1,1022,0,1,1,1
-0.4,0.3,0.83,255,1,1,1,1,1022,0,1,1,1
-0.37,0.3,0.83,255,1,1,1,1,1023,0,1,1,1
-0.39,0.3,0.84,255,1,1,1,1,1023,0,0,1,1
-0.32,0.33,0.58,255,1,1,1,1,1022,0,1,0,1
-0.27,0.35,0.86,255,1,1,1,1,1023,0,1,0,1
-0.21,0.38,0.9,255,1,1,1,1,1022,0,1,0,1
-0.05,0.36,0.89,255,1,1,1,1,1023,0,1,0,1
-0.13,0.41,0.86,255,1,1,1,1,1023,0,1,0,1
-0.19,0.48,0.87,255,1,1,1,1,1023,0,1,0,1
-0.08,0.36,0.81,255,1,1,1,1,1021,0,1,0,1
-0.15,0.55,0.71,255,1,1,1,1,1023,0,1,0,1
-0.11,0.55,0.69,255,1,1,1,1,1021,0,1,0,1
-0.38,0.3,1.03,255,1,1,1,1,1023,0,1,0,1
-0.18,0.47,0.81,255,1,1,1,1,1021,0,1,0,1
-0.09,0.43,0.82,255,1,1,1,1,1022,0,1,0,0
-0.2,0.44,0.86,255,1,1,1,1,1023,0,1,1,1
-0.47,0.35,1.1,255,1,1,1,1,1022,0,0,0,1
-0.28,0.28,0.9,255,1,1,1,1,1023,0,0,0,0
-0.14,0.42,0.85,255,1,1,1,1,1021,0,1,1,1
-0.37,0.36,1.02,255,1,1,1,1,1023,0,0,0,1
-0.24,0.43,0.87,255,1,1,1,1,1023,0,0,0,0
-0.28,0.31,0.9,255,1,1,1,1,1023,0,1,0,0
-0.17,0.49,0.72,255,1,1,1,1,1023,0,1,0,1
-0.52,0.24,1.1,255,1,1,1,1,1023,0,1,0,1
-0.33,0.56,0.78,255,1,1,1,1,1022,0,0,0,0
0.13,0.86,0.2,255,1,1,1,1,1023,0,0,0,0
0.07,0.94,0.24,255,255,1,1,1,1022,0,0,0,1
0.11,1.04,0.09,255,255,1,1,1,1023,0,0,0,1
-0.02,0.97,0.19,255,255,1,1,1,1022,0,0,0,1
0.47,0.91,0.12,255,255,1,1,1,1021,0,0,0,1
0.36,0.93,0.07,255,255,1,1,1,1023,0,0,0,1
0.29,0.95,0.02,255,255,1,1,1,1022,0,0,0,0
0.54,0.93,0.03,255,255,1,1,1,1023,0,0,0,1
0.13,1.0,-0.02,255,255,1,1,1,1023,0,0,0,1
0.15,0.97,0.02,255,255,1,1,1,1023,0,0,0,1
0.07,0.99,0.03,255,255,1,1,1,1022,0,0,0,1
0.11,0.98,0.02,255,255,1,1,1,1023,0,0,0,1
0.12,0.98,0.03,255,255,1,1,1,1022,0,0,0,1
0.14,0.99,0.03,255,255,1,1,1,1023,0,0,0,1
0.08,0.98,0.04,255,255,1,1,1,1023,0,0,0,1
0.05,1.0,0.03,255,255,1,1,1,1023,0,0,0,1
0.03,0.99,0.01,255,255,1,1,1,1022,0,0,0,1
0.07,0.98,0.02,255,255,1,1,1,1021,0,0,0,1
0.06,0.97,0.06,255,255,1,1,1,1022,0,0,0,1
0.06,0.98,0.06,255,255,1,1,1,1023,0,0,0,1
0.05,0.98,0.05,255,255,1,1,1,1023,0,0,0,1
0.04,0.98,0.04,255,255,1,1,1,1023,0,0,0,1
0.02,0.98,0.05,255,255,1,1,1,1023,0,0,0,1
0.01,0.98,0.04,255,255,1,1,1,1023,0,0,0,1
-0.0,0.98,0.06,255,255,1,1,1,1023,0,0,0,1
0.0,0.98,0.04,255,255,1,1,1,1023,0,0,0,1
-0.01,0.98,0.05,255,255,1,1,1,1023,0,0,0,1
0.06,0.99,0.04,255,255,1,1,1,1022,0,0,0,1
0.09,0.97,0.03,255,255,1,1,1,1023,0,0,0,1
0.07,0.98,0.04,255,255,1,1,1,1023,0,0,0,1
0.12,0.97,0.07,255,255,1,1,1,1023,0,0,0,1
0.02,1.05,-0.03,255,255,1,1,1,1021,0,0,1,1
0.09,0.97,-0.05,255,255,1,1,1,1021,0,0,1,1
0.06,0.95,0.27,255,255,1,1,1,1023,0,0,1,1
0.05,0.9,0.33,255,255,1,1,1,1022,0,0,1,1
-0.05,0.98,0.27,255,255,1,1,1,1023,0,0,1,1
0.18,0.97,0.03,255,255,1,1,1,1019,0,0,1,1
-0.07,0.88,0.43,255,255,1,1,1,1022,0,0,1,1
0.24,0.96,0.04,255,255,1,1,1,1020,0,0,1,1
0.23,0.97,0.07,255,255,1,1,1,1022,0,0,1,1
0.24,0.99,0.01,255,255,1,1,1,1023,0,0,1,1
-0.06,1.0,0.12,255,255,1,1,1,1023,0,0,1,1
-0.08,0.96,0.14,255,255,1,1,1,1023,0,0,1,1
-0.08,0.94,0.15,255,255,1,1,1,1022,0,0,1,1
-0.04,0.96,0.14,255,255,1,1,1,1023,0,0,1,1
-0.02,0.96,0.14,255,255,1,1,1,1022,0,0,1,1
-0.06,0.96,0.14,255,255,1,1,1,1023,0,0,1,1
-0.04,0.97,0.15,255,255,1,1,1,1023,0,0,1,1
-0.04,0.97,0.16,255,255,1,1,1,1022,0,0,1,1
-0.08,0.97,0.16,255,255,1,1,1,1023,0,0,1,1
-0.04,0.99,0.16,255,255,1,1,1,1021,0,0,1,1
-0.06,0.96,0.17,255,255,1,1,1,1023,0,0,1,1
0.01,0.93,0.22,255,255,1,1,1,1023,0,0,1,1
0.02,0.94,0.16,255,255,1,1,1,1022,0,0,1,1
0.11,0.98,0.18,255,255,1,1,1,1022,0,0,1,1
0.14,0.93,0.27,255,255,1,1,1,1023,0,0,1,1
0.13,0.98,0.12,255,255,1,1,1,1023,0,0,1,1
0.11,0.96,0.16,255,255,1,1,1,1023,0,0,1,1
0.16,0.96,0.09,255,255,1,1,1,1023,0,0,1,1
0.07,0.96,0.14,255,255,1,1,1,1022,0,0,1,1
0.12,0.98,0.2,255,255,1,1,1,1023,0,0,1,1
0.27,0.95,-0.04,255,255,1,1,1,1022,0,0,0,0
0.18,0.97,0.06,255,255,1,1,1,1023,0,0,1,1
0.11,0.94,0.29,255,255,1,1,1,1023,0,0,1,1
0.2,0.97,0.05,255,255,1,1,1,1023,0,0,1,1
0.05,0.95,0.04,255,255,1,1,1,1023,0,0,1,1
0.06,0.98,0.06,255,255,1,1,1,1023,0,0,1,1
0.06,0.98,0.0,255,255,1,1,1,1023,0,0,1,1
0.01,0.99,0.02,255,255,1,1,1,1022,0,0,1,1
0.11,0.99,-0.06,255,255,1,1,1,1023,0,0,1,1
0.02,0.99,-0.06,255,255,1,1,1,1023,0,0,1,1
0.06,1.01,-0.07,255,255,1,1,1,1023,0,0,1,1
0.04,0.98,-0.07,255,255,1,1,1,1023,0,0,1,1
0.0,0.99,-0.11,255,255,1,1,1,1021,0,0,1,1
0.01,0.98,-0.08,255,255,1,1,1,1023,0,0,1,1
-0.03,0.98,-0.05,255,255,1,1,1,1023,0,0,1,1
0.18,1.02,-0.04,255,255,1,1,1,1023,0,0,1,1
0.22,0.97,-0.01,255,255,1,1,1,1023,0,0,1,1
0.12,0.99,-0.05,255,255,1,1,1,1023,0,0,1,1
0.11,0.98,-0.02,255,255,1,1,1,1023,0,0,1,1
0.1,0.98,0.0,255,255,1,1,1,1021,0,0,1,1
0.18,0.99,-0.01,255,255,1,1,1,1022,0,0,1,1
0.21,0.94,0.02,255,255,1,1,1,1023,0,0,1,1
0.04,1.02,-0.01,255,255,1,1,1,1023,0,0,1,1
0.14,0.97,0.04,255,255,1,1,1,1023,0,0,1,1
0.18,0.97,-0.2,255,255,1,1,1,1023,0,0,1,1
0.12,0.98,-0.16,255,255,1,1,1,1022,0,0,1,1
0.01,0.96,-0.2,255,255,1,1,1,1023,0,0,1,1
0.07,0.97,0.02,255,255,1,1,1,1021,0,0,1,1
0.17,0.97,-0.07,255,255,1,1,1,1023,0,0,1,1
0.08,0.99,-0.09,255,255,1,1,1,1023,0,0,1,1
0.12,1.0,-0.16,255,255,1,1,1,1023,0,0,1,1
0.23,0.96,0.08,255,255,1,1,1,1023,0,0,1,1
0.26,0.94,0.12,255,255,1,1,1,1023,0,0,1,1
-0.11,0.99,-0.27,255,255,1,1,1,1022,0,0,1,1
0.03,0.98,-0.04,255,255,1,1,1,1022,0,0,1,1
-0.0,0.98,0.1,255,255,1,1,1,1022,0,0,1,1
0.01,0.98,0.0,255,255,1,1,1,1023,0,0,1,1
-0.01,0.99,-0.04,255,255,1,1,1,1022,0,0,1,1
0.05,1.0,-0.06,255,255,1,1,1,1023,0,0,1,1
0.05,1.0,-0.05,255,255,1,1,1,1021,0,0,1,1
0.03,0.98,-0.07,255,255,1,1,1,1023,0,0,1,1
0.03,0.98,-0.04,255,255,1,1,1,1023,0,0,1,1
0.13,0.97,0.17,255,255,1,1,1,1022,0,0,1,1
0.13,0.98,0.14,255,255,1,1,1,1023,0,0,1,1
0.17,0.95,-0.18,255,255,1,1,1,1022,0,0,1,1
0.21,0.96,-0.18,255,255,1,1,1,1023,0,0,1,1
-0.04,0.99,-0.04,255,255,1,1,1,1021,0,0,1,1
0.17,0.93,-0.29,255,255,1,1,1,1020,0,0,1,1
0.32,0.9,-0.37,255,255,1,1,1,1023,0,0,1,1
0.24,0.94,-0.14,255,255,1,1,1,1023,0,0,1,1
0.22,0.97,-0.1,255,255,1,1,1,1023,0,0,1,1
0.34,0.89,-0.36,255,255,1,1,1,1022,0,0,1,1
0.35,0.89,-0.33,255,255,1,1,1,1023,0,0,1,1
0.33,0.89,-0.31,255,255,1,1,1,1022,0,0,1,1
0.35,0.89,-0.34,255,255,1,1,1,1023,0,0,1,1
0.37,0.87,-0.33,255,255,1,1,1,1022,0,0,1,1
0.34,0.89,-0.37,255,255,1,1,1,1023,0,0,1,1
0.32,0.88,-0.33,255,255,1,1,1,1021,0,0,1,1
0.36,0.87,-0.33,255,255,1,1,1,1023,0,0,1,1
0.37,0.87,-0.35,255,255,1,1,1,1023,0,0,1,1
0.37,0.88,-0.34,255,255,1,1,1,1021,0,0,1,1
0.37,0.86,-0.36,255,255,1,1,1,1023,0,0,1,1
0.39,0.87,-0.34,255,255,1,1,1,1022,0,0,1,1
0.37,0.86,-0.32,255,255,1,1,1,1022,0,0,1,1
0.37,0.86,-0.34,255,255,1,1,1,1022,0,0,1,1
0.39,0.87,-0.31,255,255,1,1,1,1023,0,0,1,1
0.35,0.87,-0.33,255,255,1,1,1,1023,0,0,1,1
0.39,0.85,-0.34,255,255,1,1,1,1022,0,0,1,1
0.4,0.87,-0.38,255,255,1,1,1,1023,0,0,1,1
0.33,0.85,-0.39,255,255,1,1,1,1022,0,0,1,1
0.35,0.85,-0.39,255,255,1,1,1,1022,0,0,1,1
0.39,0.84,-0.39,255,255,1,1,1,1022,0,0,1,1
0.39,0.85,-0.39,255,255,1,1,1,1023,0,0,1,1
0.4,0.84,-0.38,255,255,1,1,1,1022,0,0,1,1
0.37,0.85,-0.41,255,255,1,1,1,1021,0,0,1,1
0.36,0.86,-0.34,255,255,1,1,1,1023,0,0,1,1
0.36,0.85,-0.37,255,255,1,1,1,1023,0,0,1,1
0.38,0.86,-0.35,255,255,1,1,1,1023,0,0,1,1
0.37,0.87,-0.39,255,255,1,1,1,1023,0,0,1,1
0.34,0.88,-0.35,255,255,1,1,1,1023,0,0,1,1
0.37,0.88,-0.38,255,255,1,1,1,1022,0,0,1,1
0.37,0.87,-0.38,255,255,1,1,1,1023,0,0,1,1
0.36,0.87,-0.37,255,255,1,1,1,1022,0,0,1,1
0.24,0.91,-0.33,255,255,1,1,1,1023,0,0,1,1
0.22,0.93,-0.2,255,255,1,1,1,1023,0,0,1,1
0.37,0.91,-0.19,255,255,1,1,1,1022,0,0,1,1
0.3,0.92,-0.28,255,255,1,1,1,1023,0,0,1,1
0.3,0.91,-0.3,255,255,1,1,1,1022,0,0,1,1
0.3,0.91,-0.31,255,255,1,1,1,1023,0,0,1,1
0.32,0.91,-0.32,255,255,1,1,1,1022,0,0,1,1
0.32,0.9,-0.3,255,255,1,1,1,1023,0,0,1,1
0.31,0.91,-0.3,255,255,1,1,1,1023,0,0,1,1
0.3,0.92,-0.29,255,255,1,1,1,1023,0,0,1,1
0.31,0.9,-0.31,255,255,1,1,1,1023,0,0,1,1
0.32,0.91,-0.3,255,255,1,1,1,1022,0,0,1,1
0.32,0.91,-0.32,255,255,1,1,1,1023,0,0,1,1
0.31,0.9,-0.31,255,255,1,1,1,1023,0,0,1,1
0.31,0.9,-0.3,255,255,1,1,1,1022,0,0,1,1
0.32,0.9,-0.31,255,255,1,1,1,1022,0,0,1,1
0.31,0.91,-0.32,255,255,1,1,1,1023,0,0,1,1
0.3,0.9,-0.3,255,255,1,1,1,1023,0,0,1,1
0.28,0.9,-0.33,255,255,1,1,1,1021,0,0,1,1
0.33,0.91,-0.31,255,255,1,1,1,1023,0,0,1,1
0.31,0.89,-0.31,255,255,1,1,1,1023,0,0,1,1
0.31,0.9,-0.33,255,255,1,1,1,1023,0,0,1,1
0.32,0.89,-0.32,255,255,1,1,1,1023,0,0,1,1
0.34,0.89,-0.33,255,255,1,1,1,1021,0,0,1,1
0.35,0.89,-0.36,255,255,1,1,1,1023,0,0,1,1
0.31,0.89,-0.32,255,255,1,1,1,1023,0,0,1,1
0.3,0.9,-0.29,255,255,1,1,1,1022,0,0,1,1
0.32,0.89,-0.31,255,255,1,1,1,1023,0,0,1,1
0.29,0.92,-0.32,255,255,1,1,1,1023,0,0,1,1
0.28,0.92,-0.31,255,255,1,1,1,1021,0,0,1,1
0.29,0.93,-0.31,255,255,1,1,1,1022,0,0,1,1
0.29,0.9,-0.32,255,255,1,1,1,1022,0,0,1,1
0.29,0.89,-0.34,255,255,1,1,1,1023,0,0,1,1
0.28,0.9,-0.34,255,255,1,1,1,1023,0,0,1,1
0.29,0.9,-0.36,255,255,1,1,1,1022,0,0,1,1
0.32,0.89,-0.36,255,255,1,1,1,1023,0,0,1,1
0.28,0.9,-0.32,255,255,1,1,1,1022,0,0,1,1
0.32,0.91,-0.36,255,255,1,1,1,1021,0,0,1,1
0.29,0.9,-0.33,255,255,1,1,1,1022,0,0,1,1
-0.06,1.01,0.0,255,255,1,1,1,1023,0,0,1,1
-0.05,1.01,-0.07,255,255,1,1,1,1023,0,0,1,1
0.03,0.97,-0.04,255,255,1,1,1,1022,0,0,1,1
-0.63,0.84,0.24,255,255,1,1,1,1023,0,0,1,1
0.28,1.0,-0.24,255,255,1,1,1,1023,0,0,1,1
0.1,0.97,-0.19,255,255,1,1,1,1023,0,0,1,1
0.31,0.91,-0.29,255,255,1,1,1,1023,0,0,1,1
0.24,0.97,-0.27,255,255,1,1,1,1022,0,0,1,1
0.21,0.9,-0.34,255,255,1,1,1,1023,0,0,1,1
0.28,0.87,-0.47,255,255,1,1,1,1023,0,0,1,1
0.25,0.88,-0.39,255,255,1,1,1,1023,0,0,1,1
0.2,0.95,-0.23,255,255,1,1,1,1023,0,0,1,1
0.15,0.97,-0.08,255,255,1,1,1,1023,0,0,1,1
0.26,0.98,-0.21,255,255,1,1,1,1023,0,0,1,1
0.2,0.97,-0.2,255,255,1,1,1,1022,0,0,1,1
0.27,0.93,-0.28,255,255,1,1,1,1023,0,0,1,1
0.23,0.91,-0.27,255,255,1,1,1,1023,0,0,1,1
0.21,0.92,-0.27,255,255,1,1,1,1023,0,0,1,1
0.2,0.94,-0.3,255,255,1,1,1,1023,0,0,1,1
0.24,0.98,-0.2,255,255,1,1,1,1023,0,0,1,1
0.3,0.97,-0.03,255,255,1,1,1,1023,0,0,1,1
0.13,0.92,-0.3,255,255,1,1,1,1023,0,0,1,1
0.14,0.98,-0.27,255,255,1,1,1,1023,0,0,1,1
0.11,0.96,-0.26,255,255,1,1,1,1022,0,0,1,1
0.17,0.96,-0.28,255,255,1,1,1,1023,0,0,1,1
0.17,0.93,-0.27,255,255,1,1,1,1023,0,0,1,1
0.17,0.94,-0.24,255,255,1,1,1,1022,0,0,1,1
0.17,0.96,-0.24,255,255,1,1,1,1022,0,0,1,1
0.17,0.96,-0.27,255,255,1,1,1,1023,0,0,1,1
0.17,0.94,-0.25,255,255,1,1,1,1022,0,0,1,1
0.15,0.95,-0.24,255,255,1,1,1,1023,0,0,1,1
0.17,0.95,-0.26,255,255,1,1,1,1021,0,0,1,1
0.18,0.94,-0.26,255,255,1,1,1,1023,0,0,1,1
0.17,0.94,-0.25,255,255,1,1,1,1023,0,0,1,1
0.12,0.98,-0.18,255,255,1,1,1,1023,0,0,1,1
0.09,0.95,-0.32,255,255,1,1,1,1023,0,0,1,1
0.12,0.96,-0.2,255,255,1,1,1,1023,0,0,1,1
0.13,0.97,-0.16,255,255,1,1,1,1022,0,0,1,1
0.1,0.99,-0.2,255,255,1,1,1,1023,0,0,1,1
0.15,0.96,-0.23,255,255,1,1,1,1023,0,0,1,1
0.17,0.97,-0.23,255,255,1,1,1,1023,0,0,1,1
0.16,0.94,-0.27,255,255,1,1,1,1023,0,0,1,1
0.15,0.97,-0.1,255,255,1,1,1,1021,0,0,1,1
0.16,0.97,-0.16,255,255,1,1,1,1023,0,0,1,1
0.09,0.98,-0.14,255,255,1,1,1,1023,0,0,1,1
0.13,0.97,-0.15,255,255,1,1,1,1021,0,0,1,1
0.13,0.97,-0.18,255,255,1,1,1,1023,0,0,1,1
0.11,0.97,-0.16,255,255,1,1,1,1023,0,0,1,1
0.09,0.99,-0.15,255,255,1,1,1,1022,0,0,1,1
0.09,0.97,-0.15,255,255,1,1,1,1021,0,0,1,1
0.1,0.97,-0.15,255,255,1,1,1,1022,0,0,1,1
0.12,0.97,-0.17,255,255,1,1,1,1021,0,0,1,1
0.13,0.96,-0.2,255,255,1,1,1,1023,0,0,1,1
0.12,0.97,-0.16,255,255,1,1,1,1023,0,0,1,1
0.13,0.96,-0.18,255,255,1,1,1,1022,0,0,1,1
0.13,0.97,-0.21,255,255,1,1,1,1023,0,0,1,1
0.12,0.97,-0.18,255,255,1,1,1,1023,0,0,1,1
0.12,0.97,-0.16,255,255,1,1,1,1022,0,0,1,1
0.12,0.96,-0.2,255,255,1,1,1,1023,0,0,1,1
0.13,0.98,-0.13,255,255,1,1,1,1023,0,0,1,1
0.1,0.97,-0.15,255,255,1,1,1,1023,0,0,1,1
0.09,0.97,-0.18,255,255,1,1,1,1023,0,0,1,1
0.1,0.97,-0.17,255,255,1,1,1,1023,0,0,1,1
0.11,0.97,-0.17,255,255,1,1,1,1022,0,0,1,1
0.1,0.96,-0.17,255,255,1,1,1,1023,0,0,1,1
0.07,0.98,-0.21,255,255,1,1,1,1023,0,0,1,1
0.08,0.98,-0.18,255,255,1,1,1,1023,0,0,1,1
0.11,0.97,-0.16,255,255,1,1,1,1023,0,0,1,1
0.1,0.97,-0.16,255,255,1,1,1,1022,0,0,1,1
0.08,0.98,-0.18,255,255,1,1,1,1023,0,0,1,1
0.12,0.97,-0.19,255,255,1,1,1,1023,0,0,1,1
0.1,0.97,-0.17,255,255,1,1,1,1022,0,0,1,1
0.09,0.97,-0.16,255,255,1,1,1,1022,0,0,1,1
0.09,0.98,-0.16,255,255,1,1,1,1023,0,0,1,1
0.11,0.97,-0.18,255,255,1,1,1,1023,0,0,1,1
0.11,0.97,-0.21,255,255,1,1,1,1023,0,0,1,1
0.12,0.97,-0.21,255,255,1,1,1,1023,0,0,1,1
0.03,0.98,-0.17,255,255,1,1,1,1022,0,0,1,1
0.14,0.99,-0.06,255,255,1,1,1,1023,0,0,1,1
0.16,0.97,-0.2,255,255,1,1,1,1023,0,0,1,1
0.14,0.98,-0.11,255,255,1,1,1,1022,0,0,1,1
0.13,0.98,-0.16,255,255,1,1,1,1022,0,0,1,1
0.13,0.97,-0.21,255,255,1,1,1,1023,0,0,1,1
0.17,0.94,-0.22,255,255,1,1,1,1023,0,0,1,1
0.15,0.97,-0.19,255,255,1,1,1,1023,0,0,1,1
0.13,0.97,-0.18,255,255,1,1,1,1023,0,0,1,1
0.13,0.97,-0.19,255,255,1,1,1,1022,0,0,1,1
0.14,0.96,-0.17,255,255,1,1,1,1021,0,0,1,1
0.15,0.96,-0.19,255,255,1,1,1,1023,0,0,1,1
0.13,0.98,-0.16,255,255,1,1,1,1022,0,0,1,1
0.16,0.95,-0.22,255,255,1,1,1,1021,0,0,1,1
0.15,0.96,-0.2,255,255,1,1,1,1023,0,0,1,1
0.19,0.97,-0.2,255,255,1,1,1,1022,0,0,1,1
0.17,0.95,-0.19,255,255,1,1,1,1021,0,0,1,1
0.17,0.97,-0.21,255,255,1,1,1,1023,0,0,1,1
0.14,0.97,-0.18,255,255,1,1,1,1023,0,0,1,1
0.11,0.95,-0.21,255,255,1,1,1,1023,0,0,1,1
0.19,0.96,-0.22,255,255,1,1,1,1023,0,0,1,1
0.18,0.96,-0.21,255,255,1,1,1,1022,0,0,1,1
0.13,0.96,-0.23,255,255,1,1,1,1023,0,0,1,1
0.19,0.94,-0.24,255,255,1,1,1,1023,0,0,1,1
0.08,0.99,-0.07,255,255,1,1,1,1022,0,0,1,1
0.21,0.95,-0.14,255,255,1,1,1,1023,0,0,1,1
0.17,0.97,-0.04,255,255,1,1,1,1023,0,0,1,1
0.14,0.97,-0.12,255,255,1,1,1,1022,0,0,1,1
0.09,0.99,-0.09,255,255,1,1,1,1023,0,0,1,1
0.11,0.98,-0.08,255,255,1,1,1,1023,0,0,1,1
0.07,0.98,-0.17,255,255,1,1,1,1022,0,0,1,1
0.08,0.98,-0.13,255,255,1,1,1,1023,0,0,1,1
0.1,0.97,-0.16,255,255,1,1,1,1023,0,0,1,1
0.01,0.97,-0.14,255,255,1,1,1,1023,0,0,1,1
0.08,0.98,-0.2,255,255,1,1,1,1023,0,0,1,1
0.06,0.98,-0.19,255,255,1,1,1,1023,0,0,1,1
0.09,0.97,-0.19,255,255,1,1,1,1023,0,0,1,1
0.07,0.97,-0.19,255,255,1,1,1,1022,0,0,1,1
0.06,0.96,-0.2,255,255,1,1,1,1023,0,0,1,1
0.07,0.97,-0.18,255,255,1,1,1,1023,0,0,1,1
0.08,0.97,-0.19,255,255,1,1,1,1023,0,0,1,1
0.12,0.97,-0.2,255,255,1,1,1,1023,0,0,1,1
0.13,0.98,-0.18,255,255,1,1,1,1023,0,0,1,1
0.0,0.98,-0.07,255,255,1,1,1,1023,0,0,1,1
0.0,1.0,-0.08,255,255,1,1,1,1023,0,0,1,1
0.01,0.98,0.01,255,255,1,1,1,1023,0,0,1,1
0.0,0.99,0.04,255,255,1,1,1,1023,0,0,1,1
-0.03,0.99,-0.03,255,255,1,1,1,1023,0,0,1,1
-0.04,0.99,-0.03,255,255,1,1,1,1023,0,0,1,1
0.04,0.99,-0.08,255,255,1,1,1,1022,0,0,1,1
0.05,0.99,-0.08,255,255,1,1,1,1022,0,0,1,1
0.05,0.98,-0.1,255,255,1,1,1,1023,0,0,1,1
0.02,0.98,-0.07,255,255,1,1,1,1023,0,0,1,1
0.02,0.99,-0.09,255,255,1,1,1,1022,0,0,1,1
0.03,0.99,-0.06,255,255,1,1,1,1023,0,0,1,1
0.01,0.99,-0.09,255,255,1,1,1,1023,0,0,1,1
-0.0,0.98,-0.12,255,255,1,1,1,1022,0,0,1,1
0.04,0.97,-0.2,255,255,1,1,1,1023,0,0,1,1
-0.0,0.98,-0.11,255,255,1,1,1,1022,0,0,1,1
0.01,0.98,-0.09,255,255,1,1,1,1023,0,0,1,1
0.02,0.98,-0.13,255,255,1,1,1,1023,0,0,1,1
0.04,0.98,-0.15,255,255,1,1,1,1022,0,0,1,1
0.03,0.99,-0.16,255,255,1,1,1,1023,0,0,1,1
0.01,0.98,-0.14,255,255,1,1,1,1023,0,0,1,1
0.01,0.97,-0.13,255,255,1,1,1,1022,0,0,1,1
0.0,0.98,-0.24,255,255,1,1,1,1023,0,0,1,1
0.03,0.97,-0.23,255,255,1,1,1,1023,0,0,1,1
0.04,0.97,-0.24,255,255,1,1,1,1023,0,0,1,1
0.05,0.97,-0.22,255,255,1,1,1,1023,0,0,1,1
0.04,0.97,-0.22,255,255,1,1,1,1023,0,0,1,1
0.04,0.97,-0.2,255,255,1,1,1,1023,0,0,1,1
0.04,0.97,-0.21,255,255,1,1,1,1023,0,0,1,1
0.06,0.97,-0.17,255,255,1,1,1,1022,0,0,1,1
0.03,0.98,-0.21,255,255,1,1,1,1022,0,0,1,1
0.06,0.97,-0.16,255,255,1,1,1,1023,0,0,1,1
0.03,0.98,-0.18,255,255,1,1,1,1023,0,0,1,1
0.04,0.98,-0.19,255,255,1,1,1,1023,0,0,1,1
0.04,0.97,-0.18,255,255,1,1,1,1022,0,0,1,1
0.05,0.97,-0.19,255,255,1,1,1,1023,0,0,1,1
0.03,0.98,-0.16,255,255,1,1,1,1023,0,0,1,1
0.06,0.98,-0.2,255,255,1,1,1,1023,0,0,1,1
0.04,0.97,-0.17,255,255,1,1,1,1023,0,0,1,1
0.05,0.98,-0.19,255,255,1,1,1,1023,0,0,1,1
0.06,0.98,-0.18,255,255,1,1,1,1023,0,0,1,1
0.05,0.97,-0.17,255,255,1,1,1,1023,0,0,1,1
0.05,0.97,-0.19,255,255,1,1,1,1021,0,0,1,1
0.01,0.96,-0.18,255,255,1,1,1,1022,0,0,1,1
0.04,0.98,-0.2,255,255,1,1,1,1022,0,0,1,1
0.05,0.98,-0.18,255,255,1,1,1,1023,0,0,1,1
0.06,0.98,-0.21,255,255,1,1,1,1022,0,0,1,1
0.07,0.98,-0.16,255,255,1,1,1,1022,0,0,1,1
0.08,0.98,-0.17,255,255,1,1,1,1021,0,0,1,1
0.07,0.98,-0.17,255,255,1,1,1,1023,0,0,1,1
0.09,0.97,-0.18,255,255,1,1,1,1023,0,0,1,1
0.08,0.98,-0.19,255,255,1,1,1,1022,0,0,1,1
0.08,0.98,-0.18,255,255,1,1,1,1023,0,0,1,1
0.08,0.97,-0.19,255,255,1,1,1,1023,0,0,1,1
0.08,0.97,-0.19,255,255,1,1,1,1023,0,0,1,1
0.07,0.97,-0.18,255,255,1,1,1,1021,0,0,1,1
0.09,0.99,-0.03,255,255,1,1,1,1023,0,0,1,1
0.12,0.97,-0.15,255,255,1,1,1,1023,0,0,1,1
0.11,0.96,-0.21,255,255,1,1,1,1023,0,0,1,1
0.15,0.95,-0.27,255,255,1,1,1,1021,0,0,1,1
0.13,0.96,-0.23,255,255,1,1,1,1022,0,0,1,1
0.15,0.96,-0.25,255,255,1,1,1,1023,0,0,1,1
0.14,0.95,-0.26,255,255,1,1,1,1021,0,0,1,1
0.12,0.95,-0.26,255,255,1,1,1,1023,0,0,1,1
0.15,0.96,-0.25,255,255,1,1,1,1023,0,0,1,1
0.13,0.95,-0.26,255,255,1,1,1,1022,0,0,1,1
0.18,0.96,-0.2,255,255,1,1,1,1023,0,0,1,1
0.14,0.95,-0.28,255,255,1,1,1,1023,0,0,1,1
0.13,0.95,-0.28,255,255,1,1,1,1023,0,0,1,1
0.14,0.95,-0.29,255,255,1,1,1,1020,0,0,1,1
0.14,0.94,-0.28,255,255,1,1,1,1023,0,0,1,1
0.11,0.95,-0.26,255,255,1,1,1,1023,0,0,1,1
0.13,0.96,-0.26,255,255,1,1,1,1023,0,0,1,1
0.15,0.95,-0.29,255,255,1,1,1,1023,0,0,1,1
0.14,0.96,-0.28,255,255,1,1,1,1023,0,0,1,1
0.14,0.95,-0.28,255,255,1,1,1,1023,0,0,1,1
0.12,0.96,-0.27,255,255,1,1,1,1022,0,0,1,1
0.13,0.95,-0.25,255,255,1,1,1,1023,0,0,1,1
0.14,0.95,-0.27,255,255,1,1,1,1022,0,0,1,1
0.12,0.95,-0.27,255,255,1,1,1,1023,0,0,1,1
0.14,0.95,-0.29,255,255,1,1,1,1022,0,0,1,1
0.13,0.95,-0.27,255,255,1,1,1,1023,0,0,1,1
0.14,0.96,-0.28,255,255,1,1,1,1023,0,0,1,1
0.13,0.94,-0.27,255,255,1,1,1,1023,0,0,1,1
0.12,0.95,-0.27,255,255,1,1,1,1022,0,0,1,1
0.12,0.96,-0.29,255,255,1,1,1,1022,0,0,1,1
0.14,0.94,-0.3,255,255,1,1,1,1023,0,0,1,1
0.14,0.95,-0.31,255,255,1,1,1,1023,0,0,1,1
0.14,0.94,-0.29,255,255,1,1,1,1022,0,0,1,1
0.15,0.95,-0.29,255,255,1,1,1,1023,0,0,1,1
0.15,0.93,-0.3,255,255,1,1,1,1023,0,0,1,1
0.14,0.95,-0.25,255,255,1,1,1,1023,0,0,1,1
0.14,0.94,-0.3,255,255,1,1,1,1023,0,0,1,1
0.15,0.95,-0.29,255,255,1,1,1,1023,0,0,1,1
0.16,0.95,-0.29,255,255,1,1,1,1023,0,0,1,1
0.15,0.94,-0.29,255,255,1,1,1,1023,0,0,1,1
0.12,0.95,-0.15,255,255,1,1,1,1023,0,0,1,1
-0.06,0.99,-0.04,255,255,1,1,1,1022,0,0,1,1
0.13,0.97,-0.0,255,255,1,1,1,1023,0,0,1,1
0.19,0.97,-0.06,255,255,1,1,1,1022,0,0,1,1
0.12,0.98,-0.14,255,255,1,1,1,1021,0,0,1,1
0.14,0.95,-0.11,255,255,1,1,1,1022,0,0,1,1
0.1,0.97,-0.18,255,255,1,1,1,1021,0,0,1,1
0.1,0.97,-0.16,255,255,1,1,1,1022,0,0,1,1
0.13,0.98,-0.16,255,255,1,1,1,1023,0,0,1,1
0.12,0.98,-0.14,255,255,1,1,1,1023,0,0,1,1
0.12,0.97,-0.15,255,255,1,1,1,1022,0,0,1,1
0.13,0.98,-0.17,255,255,1,1,1,1022,0,0,1,1
0.14,0.97,-0.17,255,255,1,1,1,1023,0,0,1,1
0.11,0.97,-0.15,255,255,1,1,1,1023,0,0,1,1
0.14,0.99,-0.18,255,255,1,1,1,1023,0,0,1,1
0.14,0.96,-0.18,255,255,1,1,1,1023,0,0,1,1
0.14,0.97,-0.17,255,255,1,1,1,1023,0,0,1,1
0.12,0.97,-0.15,255,255,1,1,1,1023,0,0,1,1
0.12,0.99,-0.17,255,255,1,1,1,1022,0,0,1,1
0.17,0.97,-0.17,255,255,1,1,1,1023,0,0,1,1
0.15,0.97,-0.15,255,255,1,1,1,1022,0,0,1,1
0.14,0.96,-0.18,255,255,1,1,1,1023,0,0,1,1
0.14,0.97,-0.17,255,255,1,1,1,1023,0,0,1,1
0.12,0.97,-0.15,255,255,1,1,1,1023,0,0,1,1
0.12,0.99,-0.17,255,255,1,1,1,1022,0,0,1,1
0.17,0.97,-0.17,255,255,1,1,1,1023,0,0,1,1
0.15,0.97,-0.15,255,255,1,1,1,1022,0,0,1,1

