0,1,2,3,4,5,6,7,8,9,10,11,12
-0.82,0.58,0.0,57,64,44,38,49,933,1,1,1,1
-0.83,0.53,-0.01,52,60,49,44,53,931,1,1,1,1
-0.8,0.53,0.03,62,69,54,42,57,929,1,1,1,1
-0.4,0.36,-0.04,57,57,41,30,43,931,1,1,1,1
-0.82,0.7,-0.14,62,65,48,36,43,1023,0,1,1,1
-0.95,0.71,-0.03,67,65,51,42,51,1023,0,1,1,1
-0.69,0.62,-0.09,75,76,66,47,56,1022,0,1,1,1
-0.74,0.6,-0.07,72,72,62,50,62,1020,0,1,1,1
-0.85,0.6,-0.04,70,53,46,42,49,1023,0,1,1,1
-0.72,0.55,-0.08,72,58,48,36,48,1021,0,1,1,1
-0.85,0.69,-0.08,72,72,57,48,57,1023,0,1,1,1
-0.76,0.58,-0.13,70,57,53,38,44,1023,0,1,1,1
-0.8,0.59,-0.03,75,53,48,38,46,932,1,1,1,1
-0.74,0.57,-0.05,75,60,43,39,48,932,1,1,1,1
-0.55,0.43,0.13,70,76,62,48,57,1022,0,1,1,1
-0.67,0.57,0.12,77,109,98,58,90,1023,0,1,1,1
-0.71,0.81,0.13,75,102,93,58,79,1023,0,1,1,1
-0.74,0.61,0.09,77,69,54,48,48,1023,0,1,1,1
-0.75,0.71,0.06,75,65,54,44,46,1020,0,1,1,1
-0.72,0.64,0.14,70,64,54,45,51,1020,0,1,1,1
-0.77,0.57,0.06,52,57,49,42,43,1022,0,1,1,1
-0.67,0.64,0.02,52,51,51,47,46,1021,0,1,1,1
-0.64,0.6,0.12,62,55,46,44,53,1023,0,1,1,1
-0.74,0.59,0.08,70,60,51,45,54,1023,0,1,1,1
-0.82,0.55,-0.02,75,67,56,50,59,1023,0,1,1,1
-0.75,0.59,-0.02,70,71,59,54,62,1022,0,1,1,1
-0.7,0.64,0.06,62,55,44,41,49,1023,0,1,1,1
-0.81,0.51,0.01,70,65,54,57,74,1023,0,1,1,1
-0.84,0.58,-0.02,75,64,53,55,53,1023,0,1,1,1
-0.7,0.54,0.05,88,79,61,60,64,1023,0,1,1,1
-0.7,0.63,0.04,95,76,66,60,67,1022,0,1,1,1
-0.69,0.59,0.05,65,76,64,60,71,1022,0,1,1,1
-0.76,0.58,-0.0,85,55,56,55,64,1022,0,1,1,1
-0.81,0.62,0.02,77,58,48,51,56,1023,0,1,1,1
-0.8,0.53,-0.0,72,72,59,48,56,1023,0,1,1,1
-0.71,0.6,0.03,70,62,51,48,43,1023,0,1,1,1
-0.81,0.56,-0.02,67,64,49,48,51,1023,0,1,1,1
-0.77,0.58,-0.03,77,71,49,55,62,1020,0,1,1,1
-0.68,0.53,0.11,90,85,74,61,84,1019,0,1,0,0
-0.72,0.6,-0.03,103,97,88,60,136,1019,0,0,0,0
-0.68,0.64,0.06,83,79,61,58,64,1023,0,1,1,1
-0.76,0.54,0.11,88,88,71,64,84,1023,0,1,1,1
-0.79,0.6,0.05,103,79,57,63,71,1020,0,1,1,1
-0.79,0.54,0.08,77,58,46,50,53,1023,0,1,1,1
-0.82,0.51,0.12,75,97,79,66,77,1023,0,1,1,1
-0.76,0.52,0.08,72,69,59,51,53,1023,0,1,1,1
-0.67,0.58,0.06,75,69,54,51,56,932,1,1,1,1
-0.85,0.62,0.06,95,79,67,54,69,1023,0,1,1,1
-0.71,0.57,0.11,90,78,66,57,69,1023,0,1,1,1
-0.75,0.57,0.06,65,78,62,57,67,1023,0,1,1,1
-0.81,0.62,0.12,70,79,66,61,74,1023,0,1,1,1
-0.75,0.54,0.07,65,72,64,60,75,1023,0,1,1,1
-0.71,0.53,0.02,57,69,53,47,49,1021,0,1,1,1
-0.82,0.6,-0.01,65,78,61,55,62,1023,0,1,1,1
-0.89,0.63,-0.0,72,86,69,61,75,1022,0,1,1,1
-0.82,0.55,-0.02,54,72,56,51,57,1020,0,1,1,1
-0.73,0.58,-0.03,75,95,71,64,95,1018,0,0,0,0
-0.8,0.56,0.01,62,71,59,55,64,1021,0,1,1,1
-0.62,0.54,0.1,67,79,67,64,75,1023,0,1,1,1
-0.78,0.54,0.03,72,83,66,60,72,1023,0,1,1,1
-0.71,0.6,0.06,80,92,75,64,84,1023,0,1,1,1
-0.56,0.56,0.05,72,78,62,60,72,1022,0,1,1,1
-0.64,0.6,0.03,62,71,56,55,56,1023,0,1,1,1
-0.93,0.65,-0.06,42,60,56,44,48,1023,0,1,1,1
-0.82,0.61,-0.01,65,76,61,55,59,1023,0,1,1,1
-0.64,0.61,0.02,72,76,59,57,61,1021,0,0,1,1
-0.77,0.58,0.03,65,64,53,50,54,1022,0,1,1,1
-0.8,0.61,0.02,72,90,64,57,69,1022,0,1,1,1
-0.68,0.58,-0.02,60,65,59,55,64,1023,0,1,1,1
-0.85,0.56,0.02,67,78,67,58,67,1021,0,1,1,1
-0.69,0.56,0.08,72,79,71,61,72,1023,0,1,1,1
-0.65,0.67,-0.03,65,65,57,45,53,1023,0,1,1,1
-0.76,0.56,0.01,65,60,67,52,57,1023,0,1,1,1
-0.73,0.66,0.04,62,64,56,52,57,1022,0,1,1,1
-0.73,0.64,-0.03,108,71,59,61,59,1023,0,1,1,1
-0.75,0.62,0.06,54,60,54,42,56,1023,0,1,1,1
-0.72,0.64,0.07,65,71,59,52,48,1023,0,1,1,1
-0.74,0.64,0.07,75,79,72,64,84,1023,0,1,1,1
-0.68,0.67,0.06,44,53,51,42,48,1020,0,1,1,1
-0.69,0.64,0.06,60,60,56,44,53,1021,0,1,1,1
-0.76,0.65,0.08,62,78,69,64,79,1022,0,1,1,1
-0.72,0.52,0.04,60,60,51,42,51,1022,0,1,1,1
-0.84,0.61,-0.0,49,65,53,51,57,1023,0,1,1,1
-0.67,0.48,0.09,70,79,64,51,74,1023,0,1,1,1
-0.79,0.6,0.02,62,65,54,52,61,1023,0,1,1,1
-0.73,0.65,0.02,70,74,64,57,84,1023,0,1,1,1
-0.77,0.61,0.03,62,65,57,57,61,1023,0,1,1,1
-0.74,0.62,0.01,62,67,57,52,59,1023,0,1,1,1
-0.74,0.6,0.05,54,69,56,48,48,1023,0,1,1,1
-0.76,0.62,0.04,70,78,61,57,67,1023,0,1,1,1
-0.75,0.58,0.04,49,53,43,38,46,1021,0,1,1,1
-0.75,0.58,0.05,65,72,59,54,67,1021,0,1,1,1
-0.73,0.68,0.04,70,67,59,54,67,1023,0,1,1,1
-0.71,0.57,0.04,72,76,67,58,72,1020,0,1,1,1
-0.78,0.6,-0.02,65,65,54,47,51,1023,0,1,1,1
-0.77,0.62,-0.0,70,71,59,51,53,1023,0,1,1,1
-0.82,0.59,-0.02,70,64,56,51,56,1023,0,1,1,1
-0.75,0.66,-0.03,80,79,62,60,72,1023,0,1,1,1
-0.83,0.64,-0.03,60,65,56,52,54,1023,0,1,1,1
-0.72,0.58,-0.01,62,79,66,63,66,1020,0,0,1,1
-0.05,0.98,0.05,43,250,36,35,45,1023,0,0,1,1
-0.05,0.99,0.05,45,250,37,37,45,1023,0,0,1,1
-0.07,1.01,0.07,48,250,37,37,45,1022,0,0,1,1
-0.03,0.99,0.06,51,251,37,38,47,1023,0,0,1,1
-0.07,0.98,0.09,51,251,37,37,47,1023,0,0,1,1
-0.02,0.97,0.1,51,251,37,38,45,1023,0,0,1,1
-0.03,0.98,0.09,51,251,39,38,49,1023,0,0,1,1
-0.0,0.99,0.09,53,250,39,38,49,1023,0,0,1,1
-0.02,0.98,0.09,53,250,39,38,49,1022,0,0,1,1
-0.03,0.96,0.12,53,251,41,40,49,1022,0,0,1,1
0.04,0.98,0.08,53,251,39,40,49,1023,0,0,1,1
0.05,0.99,0.09,53,251,41,40,50,1023,0,0,1,1
0.06,0.97,0.11,56,251,41,40,50,1023,0,0,1,1
0.06,0.98,0.09,53,251,43,40,50,1023,0,0,1,1
0.04,0.98,0.09,53,250,43,40,50,1023,0,0,1,1
0.06,0.98,0.1,56,248,41,42,50,1023,0,0,1,1
0.05,0.99,0.09,56,245,43,40,50,1023,0,0,1,1
0.05,0.98,0.1,59,246,43,40,47,1023,0,0,1,1
0.07,0.98,0.1,56,246,43,42,49,1022,0,0,1,1
0.09,0.98,0.09,59,248,43,40,49,1022,0,0,1,1
0.07,0.97,0.12,56,248,44,40,49,1023,0,0,1,1
0.07,0.97,0.11,56,248,43,40,50,1023,0,0,1,1
0.03,1.01,0.01,59,248,44,40,50,1023,0,0,1,1
0.02,0.98,0.06,56,250,44,42,50,1022,0,0,1,1
0.06,0.99,0.04,59,248,44,42,50,1023,0,0,1,1
0.02,0.99,0.09,59,248,44,42,50,1023,0,0,1,1
0.05,0.98,0.1,59,250,44,42,50,1023,0,0,1,1
0.06,0.95,0.09,59,255,44,42,50,1023,0,0,1,1
0.05,0.97,0.07,59,255,44,42,50,1023,0,0,1,1
0.04,0.97,0.07,59,255,43,40,52,1023,0,0,1,1
0.05,0.98,0.07,61,255,44,48,52,1023,0,0,1,0
0.05,0.97,0.07,64,253,48,49,57,1023,0,0,1,0
0.05,0.98,0.08,59,253,46,43,50,1023,0,0,1,1
0.06,1.0,0.05,59,250,46,46,52,1023,0,0,1,1
0.05,0.97,0.11,64,251,43,48,52,1023,0,0,1,1
0.05,0.96,0.07,61,253,44,48,54,1023,0,0,1,1
0.05,0.97,0.11,64,253,46,49,55,1023,0,0,1,1
-0.02,0.96,0.08,61,253,48,49,55,1022,0,0,1,1
0.02,0.96,0.14,64,253,48,49,55,1023,0,0,1,1
0.07,0.96,0.05,64,253,39,51,50,1023,0,0,1,1
-0.03,0.99,-0.05,59,253,44,48,50,1023,0,0,1,1
-0.12,0.98,0.04,59,253,46,48,52,1023,0,0,1,1
0.01,0.97,0.08,61,253,46,48,50,1023,0,0,1,1
0.08,0.99,-0.02,61,253,48,46,50,1023,0,0,1,1
-0.03,1.0,0.0,59,255,46,48,50,1023,0,0,1,1
0.05,0.97,0.03,59,253,48,48,49,1023,0,0,1,1
-0.15,0.94,0.16,61,253,48,46,50,1023,0,0,1,1
-0.05,0.96,0.04,61,253,48,48,50,1022,0,0,1,1
-0.17,0.98,0.07,64,253,46,48,52,1023,0,0,1,1
-0.02,0.97,-0.01,64,251,48,49,52,1023,0,0,1,1
-0.12,0.99,0.04,61,251,50,48,54,1023,0,0,1,1
0.07,0.97,0.1,61,251,48,46,52,1023,0,0,1,1
0.02,0.98,0.03,61,251,50,48,52,1023,0,0,1,1
-0.17,0.94,0.12,61,250,50,48,54,1023,0,0,1,1
-0.09,0.98,0.07,64,251,50,49,54,1023,0,0,1,1
-0.1,1.0,0.08,64,251,50,48,54,1023,0,0,1,1
0.01,0.98,0.08,61,251,50,49,54,1023,0,0,1,1
0.01,0.97,0.05,61,251,51,48,54,1023,0,0,1,1
-0.06,1.01,0.07,64,250,51,49,54,1023,0,0,1,1
-0.06,0.99,0.04,61,250,51,48,54,1023,0,0,1,1
-0.05,0.96,0.05,61,250,51,48,54,1023,0,0,1,1
-0.07,0.99,0.07,61,250,51,48,54,1023,0,0,1,1
-0.19,0.99,0.02,61,250,51,49,54,1023,0,0,1,1
-0.03,1.02,-0.06,64,250,51,49,54,1023,0,0,1,1
-0.07,0.92,0.06,64,250,51,48,54,1022,0,0,1,1
-0.3,1.0,-0.0,64,250,51,49,54,1023,0,0,1,1
-0.03,1.0,0.0,64,250,51,49,54,1023,0,0,1,1
-0.05,0.98,0.03,64,250,50,49,54,1023,0,0,1,1
-0.01,0.97,0.03,56,248,48,48,52,1023,0,0,1,1
-0.02,0.98,0.0,61,248,50,49,54,1023,0,0,1,1
-0.06,0.99,-0.02,61,248,51,48,54,1023,0,0,1,1
-0.06,0.98,-0.01,61,248,51,48,54,1023,0,0,1,1
-0.01,0.99,-0.04,61,250,53,48,54,1023,0,0,1,1
-0.04,0.97,-0.03,64,250,51,48,54,1023,0,0,1,1
-0.05,0.98,0.02,64,250,51,48,54,1023,0,0,1,1
-0.1,0.97,-0.05,64,250,53,48,54,1023,0,0,1,1
-0.06,0.98,-0.0,61,250,53,48,55,1023,0,0,1,1
-0.04,0.98,-0.08,56,250,51,48,54,1023,0,0,1,1
0.01,0.97,-0.03,56,248,51,48,54,1023,0,0,1,1
-0.19,0.99,0.08,59,250,51,46,55,1023,0,0,1,1
-0.04,0.99,-0.05,61,248,53,46,55,1023,0,0,1,1
-0.09,1.0,-0.18,59,250,53,48,55,1023,0,0,1,1
-0.03,0.99,-0.12,61,235,53,48,55,1023,0,0,1,1
-0.03,0.98,-0.08,61,215,55,48,55,1023,0,0,1,1
-0.06,0.96,-0.06,61,226,55,48,55,1022,0,0,1,1
-0.09,0.96,-0.05,61,225,55,48,57,1023,0,0,1,1
-0.05,1.01,-0.11,61,225,55,48,57,1023,0,0,1,1
-0.05,0.97,-0.08,61,225,55,48,57,1023,0,0,1,1
-0.07,0.99,-0.08,61,226,55,48,57,1023,0,0,1,1
-0.02,0.96,-0.06,61,231,55,49,57,1023,0,0,1,1
-0.14,1.0,0.01,61,243,55,49,57,1022,0,0,1,1
-0.02,0.98,-0.1,56,243,53,48,55,1023,0,0,1,1
-0.11,1.0,-0.04,59,240,55,48,57,1022,0,0,1,1
-0.0,0.98,-0.15,59,238,55,49,57,1022,0,0,1,1
-0.13,0.99,-0.11,64,240,55,49,55,1023,0,0,1,1
-0.0,0.99,-0.12,61,240,55,49,57,1022,0,0,1,1
-0.14,0.98,-0.09,64,240,55,49,57,1023,0,0,1,1
-0.11,1.01,-0.11,64,240,55,49,57,1023,0,0,1,1
-0.05,1.0,-0.14,64,240,55,48,57,1023,0,0,1,1
-0.13,0.97,-0.16,64,240,55,49,57,1023,0,0,1,1
-0.93,0.22,-0.09,65,255,51,92,77,1022,0,0,1,1
-0.94,0.17,-0.17,65,255,49,91,81,1020,0,0,1,1
-0.94,0.17,-0.08,206,255,46,82,72,1021,0,0,1,1
-1.01,0.19,0.01,195,255,48,80,69,1020,0,0,1,1
-0.96,0.25,-0.04,142,255,54,88,86,1021,0,0,1,1
-0.96,0.24,-0.0,168,255,105,103,98,841,0,1,1,1
-0.92,0.25,-0.0,168,255,81,106,101,1020,0,0,1,1
-0.93,0.25,-0.03,126,255,38,97,87,1019,0,0,1,1
-0.93,0.25,-0.03,76,255,36,91,77,1019,0,0,1,1
-0.94,0.2,-0.03,71,255,43,91,72,1019,0,0,1,1
-0.96,0.21,-0.02,81,255,44,94,80,1018,0,0,1,1
-0.94,0.21,-0.02,78,255,43,94,80,1019,0,0,1,1
-0.93,0.22,-0.02,81,255,48,88,80,1018,0,0,1,1
-0.93,0.21,-0.02,76,255,48,92,80,1017,0,0,1,1
-0.93,0.2,-0.04,81,255,48,91,78,1019,0,0,1,1
-0.94,0.2,-0.01,85,255,49,95,80,1016,0,0,1,1
-0.93,0.21,-0.04,85,255,53,91,84,1019,0,0,1,1
-0.94,0.21,-0.02,85,255,49,92,77,1019,0,0,1,1
-0.94,0.21,-0.02,92,255,49,92,83,1018,0,0,1,1
-0.93,0.21,-0.03,85,255,48,91,83,1018,0,0,1,1
-0.94,0.2,-0.02,87,255,49,92,86,1019,0,0,1,1
-0.91,0.22,0.0,85,255,49,94,81,1019,0,0,1,1
-0.94,0.21,-0.01,87,255,49,92,83,1016,0,0,1,1
-0.93,0.2,-0.04,87,255,49,89,83,1023,0,0,1,1
-0.94,0.19,-0.03,87,255,49,92,77,1018,0,0,1,1
-0.96,0.23,-0.01,92,255,54,94,83,1019,0,0,1,1
-0.94,0.19,-0.06,90,255,51,92,84,1016,0,0,1,1
-0.94,0.19,-0.05,97,255,53,92,86,1018,0,0,1,1
-0.94,0.2,-0.04,85,255,53,95,81,1018,0,0,1,1
-0.94,0.2,-0.06,94,255,53,94,84,1018,0,0,1,1
-0.93,0.2,-0.07,94,255,53,95,86,1023,0,0,1,1
-0.94,0.21,-0.06,94,255,53,92,84,1018,0,0,1,1
-0.94,0.21,-0.05,94,255,54,94,87,1018,0,0,1,1
-0.95,0.2,-0.03,94,255,53,94,89,1018,0,0,1,1
-0.94,0.2,-0.04,94,255,54,97,87,1021,0,0,1,1
-0.93,0.21,-0.05,85,255,54,94,86,1019,0,0,1,1
-0.94,0.2,-0.05,94,255,56,94,87,1018,0,0,1,1
-0.94,0.2,-0.03,94,255,51,95,87,1018,0,0,1,1
-0.95,0.21,-0.06,101,255,53,88,87,1018,0,0,1,1
-0.94,0.21,-0.04,90,255,54,94,87,1015,0,0,1,1
-0.95,0.21,-0.05,92,255,54,97,86,1018,0,0,1,1
-0.95,0.2,-0.03,92,255,56,94,87,1016,0,0,1,1
-0.94,0.21,-0.04,92,255,56,92,87,1023,0,0,1,1
-0.94,0.21,-0.05,92,255,54,94,83,1018,0,0,1,1
-0.94,0.21,-0.06,97,255,56,95,87,1018,0,0,1,1
-0.93,0.21,-0.04,92,255,51,94,89,1018,0,0,1,1
-0.94,0.21,-0.05,99,255,56,95,87,1019,0,0,1,1
-0.94,0.21,-0.04,85,255,56,95,84,1018,0,0,1,1
-0.94,0.21,-0.03,97,255,56,95,87,1018,0,0,1,1
-0.93,0.2,-0.04,99,255,53,95,87,1019,0,0,1,1
-0.94,0.21,-0.05,99,255,56,91,87,1018,0,0,1,1
-0.93,0.21,-0.03,94,255,56,94,89,1016,0,0,1,1
-0.95,0.22,-0.03,99,255,56,95,87,1018,0,0,1,1
-0.94,0.22,-0.03,101,255,56,95,89,1016,0,0,1,1
-0.94,0.22,-0.04,101,255,58,95,89,1022,0,0,1,1
-0.95,0.22,-0.03,101,255,56,91,87,1018,0,0,1,1
-0.93,0.2,-0.02,101,255,63,92,89,1019,0,0,1,1
-0.94,0.23,-0.03,99,255,56,98,87,1018,0,0,1,1
-0.94,0.21,-0.03,103,255,59,95,89,1018,0,0,1,1
-0.93,0.21,-0.03,103,255,53,98,89,1019,0,0,1,1
-0.94,0.22,-0.06,97,255,58,97,90,1016,0,0,1,1
-0.94,0.22,-0.07,94,255,56,95,93,1016,0,0,1,1
-0.97,0.23,-0.03,101,255,58,97,87,1019,0,0,1,1
-0.92,0.19,-0.04,101,255,61,95,89,1018,0,0,1,1
-0.94,0.22,-0.03,101,255,53,97,89,1019,0,0,1,1
-0.93,0.21,-0.01,101,255,51,95,90,1016,0,0,1,1
-0.94,0.21,-0.01,101,255,58,97,89,1020,0,0,1,1
-0.95,0.2,-0.01,99,255,61,92,93,1018,0,0,1,1
-0.93,0.2,-0.03,101,255,59,95,90,1018,0,0,1,1
-0.94,0.21,-0.03,106,255,63,97,93,1017,0,0,1,1
-0.93,0.22,-0.04,103,255,58,95,96,1018,0,0,1,1
-0.94,0.22,-0.01,97,255,59,98,93,1018,0,0,1,1
-0.94,0.2,-0.01,99,255,64,94,96,1018,0,0,1,1
-0.94,0.21,0.02,101,255,58,95,90,1018,0,0,1,1
-0.95,0.23,-0.04,101,255,59,97,93,1018,0,0,1,1
-0.94,0.19,-0.03,106,255,56,95,90,1018,0,0,1,1
-0.94,0.21,-0.05,99,255,61,95,92,1016,0,0,1,1
-0.94,0.2,0.01,94,255,54,95,93,1021,0,0,1,1
-0.94,0.22,-0.01,103,255,59,95,90,1018,0,0,1,1
-0.94,0.18,-0.01,103,255,61,97,96,1017,0,0,1,1
-0.95,0.19,-0.03,103,255,59,97,99,1018,0,0,1,1
-0.95,0.18,-0.02,106,255,63,97,98,1014,0,0,1,1
-0.95,0.17,-0.02,103,255,59,98,101,1019,0,0,1,1
-0.95,0.18,-0.02,106,255,61,97,96,1018,0,0,1,1
-0.93,0.18,0.01,101,255,61,98,96,1018,0,0,1,1
-0.94,0.18,0.01,92,255,63,98,99,1018,0,0,1,1
-0.95,0.18,-0.01,101,255,61,98,95,1016,0,0,1,1
-0.96,0.19,-0.01,103,255,63,98,95,1018,0,0,1,1
-0.94,0.18,-0.04,101,255,54,97,96,1015,0,0,1,1
-0.95,0.18,-0.04,103,255,61,101,95,1020,0,0,1,1
-0.95,0.18,-0.03,101,255,63,97,96,1023,0,0,1,1
-0.94,0.19,-0.03,108,255,63,94,96,1018,0,0,1,1
-0.95,0.19,-0.02,99,255,63,98,98,1015,0,0,1,1
-0.95,0.18,-0.01,103,255,61,98,98,1018,0,0,1,1
-0.95,0.18,-0.02,103,255,66,98,96,1018,0,0,1,1
-0.94,0.19,-0.02,103,255,59,100,96,1019,0,0,1,1
-0.94,0.18,-0.01,103,255,58,97,96,1016,0,0,1,1
-0.94,0.18,-0.01,108,255,63,98,96,1019,0,0,1,1
-0.94,0.19,0.0,101,255,66,98,98,1018,0,0,1,1
-0.95,0.18,-0.0,106,255,63,98,90,1018,0,0,1,1
-0.97,0.05,0.01,69,255,255,101,96,1018,0,0,0,1
-0.97,0.06,-0.01,69,255,255,98,98,1017,0,0,0,1
-0.96,0.06,0.01,69,255,253,98,98,1017,0,0,0,1
-0.96,0.06,0.02,69,255,253,97,98,1016,0,0,0,1
-0.96,0.06,0.03,76,255,255,98,99,1017,0,0,0,1
-0.97,0.07,0.01,62,255,255,98,101,1017,0,0,0,1
-0.96,0.07,0.02,69,255,255,98,96,1017,0,0,0,1
-0.96,0.05,0.03,71,255,255,98,99,1017,0,0,0,1
-0.96,0.06,0.01,69,255,255,98,102,1018,0,0,0,1
-0.96,0.07,0.02,71,255,255,97,99,1017,0,0,0,1
-0.96,0.06,0.02,69,255,253,101,101,1017,0,0,0,1
-0.97,0.06,0.03,71,255,253,100,101,1014,0,0,0,1
-0.96,0.07,0.05,71,255,255,100,102,1014,0,0,0,1
-0.97,0.04,0.03,74,255,255,100,104,1017,0,0,0,1
-0.95,0.07,0.02,74,255,255,100,105,1016,0,0,0,1
-0.97,0.07,0.01,74,255,255,100,102,1017,0,0,0,1
-0.97,0.07,0.02,78,255,255,100,102,1017,0,0,0,1
-0.96,0.07,0.02,74,255,255,101,102,1018,0,0,0,1
-0.96,0.06,0.03,74,255,255,100,102,1017,0,0,0,1
-0.96,0.06,0.03,74,255,255,100,104,1017,0,0,0,1
-0.96,0.06,0.02,71,255,255,105,102,1018,0,0,0,1
-0.96,0.06,0.0,76,255,255,98,98,1017,0,0,0,1
-0.97,0.06,0.02,81,255,255,98,102,1017,0,0,0,1
-0.97,0.06,0.03,76,255,255,98,108,1018,0,0,0,1
-0.92,0.06,0.01,74,255,255,100,107,1017,0,0,0,1
-0.96,0.08,0.01,78,255,255,98,107,1017,0,0,0,1
-0.97,0.07,0.01,76,255,255,100,107,1017,0,0,0,1
-0.96,0.07,0.02,76,255,255,100,108,1016,0,0,0,1
-0.95,0.06,0.02,81,255,255,100,108,1016,0,0,0,1
-0.95,0.08,0.02,76,255,255,98,107,1017,0,0,0,1
-0.97,0.07,0.01,76,255,255,100,110,1017,0,0,0,1
-0.95,0.08,0.01,74,255,255,98,108,1017,0,0,0,1
-0.96,0.05,0.01,76,255,255,98,110,1018,0,0,0,1
-0.96,0.06,0.02,76,255,255,98,110,1018,0,0,0,1
-0.96,0.07,0.02,76,255,255,100,110,1017,0,0,0,1
-0.96,0.07,0.02,78,255,255,97,113,1015,0,0,0,1
-0.96,0.06,0.02,76,255,255,98,112,1014,0,0,0,1
-0.96,0.06,-0.0,76,255,255,98,110,1017,0,0,0,1
-0.95,0.06,0.01,76,255,255,97,110,1014,0,0,0,1
-0.96,0.07,0.01,76,255,255,98,110,1018,0,0,0,1
-0.96,0.05,0.01,78,255,255,98,110,1021,0,0,0,1
-0.96,0.06,0.01,78,255,255,97,110,1016,0,0,0,1
-0.96,0.06,0.02,83,255,255,98,112,1017,0,0,0,1
-0.96,0.06,0.02,76,255,255,94,113,1018,0,0,0,1
-0.95,0.06,0.02,83,255,255,92,110,1017,0,0,0,1
-0.96,0.06,0.01,74,255,255,97,113,1015,0,0,0,1
-0.96,0.06,0.01,69,255,255,100,108,1017,0,0,0,1
-0.97,0.06,0.02,78,255,255,97,105,1018,0,0,0,1
-0.96,0.07,0.01,76,255,255,95,113,1016,0,0,0,1
-0.96,0.06,0.02,71,255,255,98,110,1017,0,0,0,1
-0.96,0.06,0.02,78,255,255,95,107,1018,0,0,0,1
-0.96,0.06,0.01,81,255,255,95,112,1017,0,0,0,1
-0.97,0.07,0.02,78,255,255,95,113,1018,0,0,0,1
-0.95,0.07,0.02,81,255,255,95,110,1016,0,0,0,1
-0.96,0.04,0.02,83,255,255,94,102,1017,0,0,0,1
-0.96,0.07,0.02,78,255,255,94,107,1016,0,0,0,1
-0.96,0.06,0.02,78,255,255,95,105,1015,0,0,0,1
-0.95,0.06,0.02,78,255,255,97,105,1021,0,0,0,1
-0.96,0.06,0.01,78,255,255,92,105,1017,0,0,0,1
-0.96,0.07,0.02,78,255,255,97,107,1018,0,0,0,1
-0.97,0.07,0.01,78,255,255,91,108,1018,0,0,0,1
-0.96,0.07,0.01,85,255,255,91,107,1017,0,0,0,1
-0.96,0.06,0.01,78,255,255,94,112,1017,0,0,0,1
-0.96,0.06,0.02,71,255,255,94,105,1018,0,0,0,1
-0.96,0.07,0.02,81,255,255,94,102,1018,0,0,0,1
-0.96,0.07,0.02,81,255,255,94,107,1018,0,0,0,1
-0.96,0.07,0.03,81,255,255,95,105,1018,0,0,0,1
-0.96,0.06,0.03,78,255,255,94,105,1013,0,0,0,1
-0.96,0.06,0.02,85,255,255,92,108,1018,0,0,0,1
-0.97,0.06,0.03,83,255,255,92,110,1018,0,0,0,1
-0.96,0.06,0.03,81,255,255,92,108,1018,0,0,0,1
-0.95,0.06,0.04,83,255,255,94,108,1017,0,0,0,1
-0.97,0.06,0.02,83,255,255,92,112,1015,0,0,0,1
-0.95,0.07,0.02,81,255,255,95,108,1016,0,0,0,1
-0.95,0.07,0.03,81,255,255,92,113,1018,0,0,0,1
-0.96,0.06,0.03,81,255,255,91,108,1018,0,0,0,1
-0.96,0.07,0.02,81,255,255,95,108,1020,0,0,0,1
-0.97,0.06,0.02,81,255,255,91,108,1020,0,0,0,1
-0.96,0.07,0.03,85,255,255,88,108,1017,0,0,0,1
-0.95,0.07,0.04,83,255,255,92,110,1017,0,0,0,1
-0.96,0.07,0.05,76,255,255,92,112,1018,0,0,0,1
-0.96,0.06,0.04,81,255,255,92,107,1018,0,0,0,1
-0.97,0.06,0.03,78,255,255,92,113,1016,0,0,0,1
-0.96,0.06,0.03,74,255,255,95,108,1018,0,0,0,1
-0.97,0.07,0.04,83,255,255,92,105,1018,0,0,0,1
-0.96,0.07,0.03,83,255,255,92,112,1017,0,0,0,1
-0.96,0.07,0.03,83,255,255,95,113,1018,0,0,0,1
-0.96,0.06,0.04,83,255,255,92,113,1018,0,0,0,1
-0.96,0.07,0.04,85,255,255,92,113,1017,0,0,0,1
-0.95,0.07,0.04,81,255,255,92,116,1018,0,0,0,1
-0.95,0.07,0.03,81,255,255,92,113,1018,0,0,0,1
-0.96,0.08,0.03,83,255,255,92,113,1017,0,0,0,1
-0.96,0.07,0.03,83,255,255,92,113,1016,0,0,0,1
-0.96,0.08,0.04,83,255,255,92,113,1016,0,0,0,1
-0.96,0.07,0.04,81,255,255,94,112,1018,0,0,0,1
-0.96,0.07,0.03,83,255,255,91,112,1018,0,0,0,1
-0.96,0.06,0.04,83,255,255,95,112,1020,0,0,0,1
-0.96,0.06,0.05,83,255,255,91,112,1021,0,0,0,1
-0.96,0.07,0.04,87,255,255,86,112,1018,0,0,0,1
-0.96,0.07,0.03,83,255,255,92,115,1018,0,0,0,1
0.06,0.4,-0.95,43,38,36,26,28,1023,0,0,0,0
0.02,0.35,-0.92,69,50,46,30,34,1023,0,0,0,0
0.07,0.42,-0.89,72,48,49,35,34,1023,0,0,0,0
0.02,0.38,-0.97,82,53,52,37,40,1023,0,0,0,0
0.04,0.38,-0.93,72,50,52,39,46,1023,0,0,0,0
0.07,0.39,-0.95,53,55,49,39,43,1023,0,0,0,0
0.06,0.41,-1.0,66,57,44,37,46,1023,0,0,0,0
0.02,0.42,-0.9,72,67,57,45,53,1023,0,0,0,0
0.1,0.4,-0.94,95,62,63,43,49,1023,0,0,0,0
0.03,0.39,-0.89,108,67,63,41,46,1023,0,0,0,0
0.05,0.4,-0.92,69,57,44,41,43,1023,0,0,0,0
0.06,0.37,-1.01,66,67,55,41,46,1023,0,0,0,0
0.19,0.38,-0.95,92,69,63,50,59,1023,0,0,0,0
0.16,0.37,-0.93,92,69,60,50,59,1023,0,0,0,0
0.0,0.38,-0.91,88,62,49,41,46,1023,0,0,0,0
-0.05,0.37,-0.94,85,69,63,47,56,1023,0,0,0,0
0.06,0.4,-0.92,92,67,55,50,56,1023,0,0,0,0
0.05,0.39,-0.92,82,65,49,47,53,1023,0,0,0,0
0.06,0.39,-0.92,92,67,57,50,56,1023,0,0,0,0
0.04,0.38,-1.0,95,69,57,52,56,1023,0,0,0,0
0.04,0.38,-0.93,114,67,55,54,56,1023,0,0,0,0
0.05,0.39,-0.94,108,69,52,52,56,1023,0,0,0,0
0.04,0.39,-0.95,92,67,57,52,53,1023,0,0,0,0
0.04,0.39,-0.96,95,69,57,50,56,1023,0,0,0,0
0.07,0.37,-0.94,85,72,63,50,53,1023,0,0,0,0
0.06,0.38,-0.95,88,72,60,52,56,1023,0,0,0,0
0.06,0.37,-0.96,95,72,60,52,56,1023,0,0,0,0
0.05,0.36,-0.93,98,72,60,52,56,1023,0,0,0,0
0.05,0.37,-0.97,98,74,60,52,53,1023,0,0,0,0
0.05,0.38,-0.97,105,72,65,54,62,1023,0,0,0,0
0.03,0.43,-0.95,88,76,63,54,59,1023,0,0,0,0
0.08,0.41,-0.92,69,76,65,54,62,1023,0,0,0,0
0.08,0.43,-0.96,59,76,65,54,59,1023,0,0,0,0
0.08,0.38,-0.97,66,79,65,54,62,1023,0,0,0,0
0.05,0.41,-0.9,69,79,57,52,59,1023,0,0,0,0
0.06,0.39,-0.92,118,76,68,58,71,1023,0,0,0,0
0.09,0.4,-0.93,124,79,73,60,74,1023,0,0,0,0
0.37,0.29,-0.89,121,72,73,60,74,1023,0,0,0,0
0.36,0.33,-0.94,128,72,68,60,77,1023,0,0,0,0
-0.02,0.38,-0.92,111,72,68,56,62,1023,0,0,0,0
-0.22,0.38,-0.94,85,79,73,56,65,1023,0,0,0,0
0.0,0.38,-1.01,95,84,71,58,65,1023,0,0,0,0
0.26,0.37,-0.92,98,81,68,58,68,1023,0,0,0,0
0.07,0.33,-0.99,105,84,73,60,65,1023,0,0,0,0
-0.02,0.42,-0.97,101,76,60,50,56,1023,0,0,0,0
-0.31,0.36,-0.89,111,76,71,54,62,1023,0,0,0,0
-0.15,0.38,-0.95,105,81,68,54,62,1023,0,0,0,0
0.08,0.45,-0.88,105,81,68,54,65,1023,0,0,0,0
-0.01,0.42,-0.94,108,81,71,56,62,1023,0,0,0,0
-0.02,0.36,-0.95,108,81,73,56,62,1023,0,0,0,0
0.13,0.37,-0.94,111,79,73,56,65,1023,0,0,0,0
0.09,0.35,-0.95,124,81,82,58,71,1023,0,0,0,0
0.03,0.34,-0.96,114,84,79,60,77,1023,0,0,0,0
-0.01,0.41,-0.91,114,81,57,54,53,1023,0,0,0,0
-0.01,0.37,-0.89,118,84,65,58,65,1023,0,0,0,0
-0.04,0.36,-0.91,105,84,63,56,68,1023,0,0,0,0
-0.1,0.4,-0.92,114,84,65,58,68,1023,0,0,0,0
-0.03,0.41,-0.98,105,86,68,60,68,1023,0,0,0,0
-0.15,0.38,-0.92,101,88,71,60,71,1023,0,0,0,0
-0.15,0.36,-0.92,121,84,68,60,71,1023,0,0,0,0
-0.07,0.4,-0.93,121,86,65,62,71,1023,0,0,0,0
-0.01,0.4,-0.91,118,84,65,60,71,1023,0,0,0,0
-0.02,0.39,-0.93,118,81,73,56,59,1023,0,0,0,0
-0.02,0.4,-0.94,101,79,71,56,62,1023,0,0,0,0
-0.05,0.42,-0.93,108,84,71,58,65,1023,0,0,0,0
0.04,0.41,-0.96,95,81,71,60,62,1023,0,0,0,0
0.14,0.34,-0.95,101,84,73,60,68,1023,0,0,0,0
0.06,0.16,-1.02,105,86,76,58,65,1023,0,0,0,0
-0.01,0.27,-0.98,121,88,76,58,68,1022,0,0,0,0
0.06,0.36,-0.96,101,79,65,50,53,1023,0,0,0,0
-0.01,0.38,-0.96,108,84,60,45,53,1023,0,0,0,0
-0.12,0.38,-0.97,66,81,55,43,53,1023,0,0,0,0
0.05,0.32,-0.96,17,69,46,37,46,1023,0,0,0,0
-0.04,0.36,-0.91,82,79,63,52,59,1023,0,0,0,0
-0.03,0.41,-0.94,85,74,63,52,59,1023,0,0,0,0
0.08,0.37,-0.93,85,79,65,54,59,1023,0,0,0,0
0.01,0.4,-0.96,88,79,63,54,59,1023,0,0,0,0
0.03,0.37,-0.9,92,79,65,54,56,1023,0,0,0,0
0.01,0.42,-1.0,82,76,63,56,62,1023,0,0,0,0
-0.05,0.35,-0.87,69,86,63,56,65,1023,0,0,0,0
-0.01,0.4,-0.93,88,86,63,56,65,1023,0,0,0,0
-0.02,0.36,-0.93,56,86,63,54,62,1023,0,0,0,0
-0.06,0.33,-0.89,69,84,60,56,65,1023,0,0,0,0
-0.04,0.42,-0.93,75,81,60,56,65,1023,0,0,0,0
-0.07,0.4,-0.92,72,72,68,56,65,1023,0,0,0,0
-0.07,0.42,-0.93,66,69,71,54,62,1023,0,0,0,0
-0.07,0.42,-0.93,75,69,71,56,65,1023,0,0,0,0
-0.11,0.38,-0.94,82,72,73,58,68,1023,0,0,0,0
-0.11,0.37,-0.89,85,74,71,58,68,1023,0,0,0,0
-0.07,0.38,-0.98,88,72,71,58,71,1023,0,0,0,0
-0.07,0.39,-0.94,92,74,71,58,68,1023,0,0,0,0
-0.06,0.38,-0.95,85,72,71,58,65,1023,0,0,0,0
-0.05,0.36,-0.93,88,72,71,58,62,1023,0,0,0,0
-0.08,0.37,-0.95,85,74,71,58,62,1023,0,0,0,0
-0.04,0.37,-0.95,88,72,71,58,65,1023,0,0,0,0
-0.07,0.38,-0.93,88,72,73,58,62,1023,0,0,0,0
-0.11,0.33,-0.94,88,72,71,58,62,1023,0,0,0,0
-0.09,0.35,-0.95,88,72,71,58,62,1023,0,0,0,0
-0.11,0.36,-0.96,88,72,68,60,65,1023,0,0,0,0
-0.1,0.36,-0.93,88,72,68,58,65,1023,0,0,0,0
-0.43,0.22,0.89,229,255,255,223,255,931,1,1,1,1
-0.45,0.19,0.97,229,255,255,223,255,928,1,1,1,1
-0.42,0.25,0.75,229,255,255,226,255,931,1,1,1,1
-0.41,0.2,0.81,232,255,255,223,255,929,1,1,1,1
-0.38,0.22,0.83,232,255,255,226,255,931,1,1,1,1
-0.45,0.21,0.9,235,255,255,228,255,931,1,1,1,1
-0.51,0.24,0.86,213,255,255,228,255,931,1,1,1,1
-0.51,0.21,0.9,232,255,255,220,255,930,1,1,1,1
-0.47,0.23,0.88,232,255,255,228,255,930,1,1,1,1
-0.38,0.23,0.8,242,255,255,228,255,932,1,1,1,1
-0.42,0.15,0.88,229,255,255,235,255,932,1,1,1,1
-0.35,0.24,0.85,239,255,255,229,255,931,1,1,1,1
-0.13,0.26,0.82,235,255,250,234,255,934,1,1,1,1
-0.35,0.21,0.91,229,255,253,237,255,937,1,1,1,1
-0.35,0.21,0.85,232,255,251,237,255,931,1,1,1,1
-0.33,0.28,0.85,229,255,253,237,255,930,1,1,1,1
-0.41,0.19,0.89,226,255,215,218,255,928,1,1,1,1
-0.42,0.33,0.85,223,255,240,228,255,937,1,1,1,1
-0.37,0.2,0.89,226,255,231,231,255,930,1,1,1,1
-0.28,0.33,0.81,226,255,239,231,255,930,1,1,1,1
-0.39,0.21,0.86,220,255,239,231,255,928,1,1,1,1
-0.42,0.3,0.86,220,255,239,229,255,931,1,1,1,1
-0.28,0.23,0.72,226,255,237,231,255,930,1,1,1,1
-0.32,0.12,0.86,226,255,243,232,255,931,1,1,1,1
-0.53,0.03,0.87,226,255,242,232,255,931,1,1,1,1
-0.33,0.27,0.77,210,255,245,234,255,931,1,1,1,1
-0.38,0.28,0.89,223,255,247,231,255,930,1,1,1,1
-0.32,0.23,0.87,226,255,248,235,255,930,1,1,1,1
-0.37,0.29,0.85,226,255,250,235,255,932,1,1,1,1
-0.3,0.39,0.83,223,255,247,239,255,931,1,1,1,1
-0.47,0.08,0.88,232,255,248,231,255,932,1,1,1,1
-0.45,0.31,0.89,226,255,247,237,255,929,1,1,1,1
-0.48,0.22,0.98,226,255,245,235,255,932,1,1,1,1
-0.34,0.26,0.86,226,255,247,234,255,931,1,1,1,1
-0.32,0.22,0.81,226,255,247,234,255,931,1,1,1,1
-0.39,0.2,0.86,232,255,247,237,255,931,1,1,1,1
-0.38,0.27,0.86,226,255,248,235,255,932,1,1,1,1
-0.37,0.24,0.84,226,255,245,234,255,930,1,1,1,1
-0.34,0.25,0.88,226,255,248,235,255,931,1,1,1,1
-0.41,0.19,0.92,216,255,247,235,255,928,1,1,1,1
-0.34,0.22,0.89,223,255,248,234,255,935,1,1,1,1
-0.3,0.22,0.77,226,255,240,235,255,929,1,1,1,1
-0.32,0.24,0.8,226,255,248,235,255,931,1,1,1,1
-0.32,0.24,0.79,220,255,248,234,255,928,1,1,1,1
-0.33,0.22,0.87,223,255,250,232,255,931,1,1,1,1
-0.42,0.19,0.92,226,255,243,232,255,930,1,1,1,1
-0.47,0.14,0.98,226,255,250,235,255,930,1,1,1,1
-0.42,0.21,0.82,226,255,248,235,255,932,1,1,1,1
-0.41,0.11,0.92,220,255,248,229,255,931,1,1,1,1
-0.33,0.19,0.91,232,255,248,228,255,931,1,1,1,1
-0.37,0.21,0.89,226,255,247,237,255,930,1,1,1,1
-0.32,0.21,0.91,226,255,250,235,255,932,1,1,1,1
-0.42,0.16,0.92,223,255,248,239,255,931,1,1,1,1
-0.28,0.16,0.83,226,255,248,231,255,931,1,1,1,1
-0.43,0.22,0.99,226,255,248,237,255,934,1,1,1,1
-0.37,0.23,0.87,226,255,245,237,255,933,1,1,1,1
-0.37,0.21,0.86,229,255,247,235,255,931,1,1,1,1
-0.37,0.25,0.91,226,255,248,235,255,931,1,1,1,1
-0.34,0.21,0.82,226,255,248,235,255,930,1,1,1,1
-0.4,0.18,0.87,223,255,250,237,255,933,1,1,1,1
-0.33,0.25,0.83,226,255,248,235,255,931,1,1,1,1
-0.4,0.15,0.83,226,255,250,235,255,931,1,1,1,1
-0.36,0.19,0.83,220,255,248,235,255,928,1,1,1,1
-0.42,0.21,0.85,223,255,250,235,255,933,1,1,1,1
-0.46,0.18,0.94,226,255,243,234,255,929,1,1,1,1
-0.31,0.17,0.82,226,255,251,235,255,931,1,1,1,1
-0.39,0.23,0.87,229,255,250,235,255,931,1,1,1,1
-0.35,0.21,0.87,210,255,250,237,255,931,1,1,1,1
-0.34,0.26,0.82,229,255,250,231,255,931,1,1,1,1
-0.37,0.18,0.86,226,255,250,235,255,930,1,1,1,1
-0.37,0.22,0.86,226,255,251,235,255,932,1,1,1,1
-0.4,0.2,0.91,226,255,248,239,255,931,1,1,1,1
-0.4,0.2,0.88,226,255,250,235,255,931,1,1,1,1
-0.34,0.24,0.84,226,255,250,235,255,930,1,1,1,1
-0.36,0.27,0.87,226,255,248,239,255,935,1,1,1,1
-0.35,0.2,0.8,226,255,248,235,255,930,1,1,1,1
-0.4,0.22,0.9,226,255,250,235,255,931,1,1,1,1
-0.38,0.2,0.87,220,255,250,235,255,928,1,1,1,1
-0.4,0.25,0.85,223,255,255,235,255,932,1,1,1,1
-0.38,0.24,0.86,226,255,247,235,255,931,1,1,1,1
-0.53,0.12,1.04,226,255,251,237,255,929,1,1,1,1
-0.51,0.24,0.94,235,255,251,237,255,932,1,1,1,1
-0.44,0.22,0.84,216,255,250,240,255,931,1,1,1,1
-0.34,0.24,0.72,226,255,251,231,255,931,1,1,1,1
-0.46,0.15,0.83,229,255,250,239,255,934,1,1,1,1
-0.43,0.22,0.85,226,255,248,239,255,932,1,1,1,1
-0.3,0.4,0.83,220,255,250,237,255,931,1,1,1,1
-0.39,0.14,0.92,226,255,251,235,255,931,1,1,1,1
-0.31,0.15,0.73,226,255,251,240,255,931,1,1,1,1
-0.47,0.14,0.85,223,255,251,242,255,935,1,1,1,1
-0.53,0.2,0.89,226,255,248,240,255,929,1,1,1,1
-0.45,0.11,0.82,226,255,253,240,255,931,1,1,1,1
-0.44,0.17,0.83,220,255,251,240,255,928,1,1,1,1
-0.45,0.12,0.81,223,255,255,235,255,935,1,1,1,1
-0.46,0.18,0.83,226,255,245,239,255,931,1,1,1,1
-0.41,0.22,0.79,226,255,253,240,255,931,1,1,1,1
-0.54,0.11,0.92,223,255,251,240,255,930,1,1,1,1
-0.4,0.2,0.78,223,255,253,239,255,931,1,1,1,1
-0.43,0.15,0.86,226,255,251,237,255,931,1,1,1,1
-0.46,0.2,0.86,226,255,251,242,255,929,1,1,1,1
0.64,0.85,0.19,186,253,251,247,217,1019,0,1,0,0
0.26,0.95,-0.01,196,171,145,155,177,1016,0,1,1,0
-0.08,1.11,-0.04,49,217,223,211,205,1017,0,1,1,0
0.26,0.86,0.1,198,228,229,229,220,1021,0,1,1,0
0.24,0.99,0.05,208,241,245,247,237,1021,0,1,1,0
0.2,0.61,0.22,189,241,248,255,255,1022,0,1,1,0
0.03,0.92,0.21,201,246,248,253,251,1021,0,1,1,0
0.22,0.96,0.36,196,236,243,253,255,1020,0,1,1,0
0.08,1.04,0.45,186,241,248,255,255,1019,0,1,1,0
0.17,0.97,0.35,201,238,226,240,233,1021,0,1,1,0
0.16,0.96,0.32,198,223,220,230,230,1023,0,1,1,0
0.18,0.82,0.41,208,130,216,226,182,1016,0,1,1,0
0.15,0.96,0.36,169,222,231,237,210,1017,0,1,1,0
0.4,0.84,0.15,196,218,235,237,227,1020,0,1,1,0
-0.01,0.8,0.48,228,222,232,239,222,1020,0,1,1,0
0.16,0.88,0.34,223,225,234,237,222,1020,0,1,1,0
0.15,0.88,0.35,240,227,234,237,231,1022,0,1,1,0
0.15,0.84,0.34,245,227,235,240,231,1020,0,1,1,0
0.34,0.85,0.39,252,223,231,236,237,1019,0,1,1,0
0.15,0.92,0.36,255,233,240,253,251,1016,0,1,1,0
0.07,0.81,0.47,255,235,240,252,255,1018,0,1,1,0
0.14,0.76,0.53,235,227,232,246,253,1023,0,1,1,0
0.11,0.73,0.61,255,232,234,236,247,1020,0,1,1,0
0.41,0.68,0.34,245,232,231,236,250,1017,0,1,1,0
0.09,0.9,0.38,252,230,232,233,247,1020,0,1,0,0
0.18,0.91,0.25,255,227,231,234,251,1020,0,1,0,0
0.17,0.84,0.38,255,235,231,236,239,1020,0,1,0,0
0.15,0.78,0.54,240,235,232,237,251,1021,0,1,0,0
0.23,0.9,0.19,242,233,231,236,248,1021,0,1,0,0
-0.01,0.92,0.4,250,235,237,255,255,1020,0,1,1,0
0.23,0.92,0.31,255,236,242,255,255,1020,0,1,1,0
0.17,0.86,0.4,255,233,243,255,255,1016,0,1,1,0
0.12,0.82,0.46,237,233,239,250,255,1020,0,1,1,0
0.08,0.86,0.47,245,236,239,244,247,1020,0,1,0,0
0.16,0.84,0.36,245,238,240,249,248,1023,0,1,1,0
0.21,0.93,0.36,237,238,240,250,244,1021,0,1,0,0
0.12,0.93,0.44,233,240,237,255,255,1019,0,1,1,0
0.17,0.86,0.32,196,240,248,250,255,1020,0,1,1,0
0.14,0.82,0.5,235,236,248,255,255,1017,0,1,1,0
0.04,0.96,0.48,223,240,243,255,255,1020,0,1,1,0
0.23,0.95,0.29,225,238,243,247,253,1020,0,1,0,0
0.22,0.93,0.23,230,238,242,243,255,1023,0,1,0,0
0.22,0.91,0.34,233,238,247,247,255,1021,0,1,1,0
0.16,0.94,0.32,233,238,237,249,255,1020,0,1,1,0
0.16,0.92,0.31,235,238,248,247,255,1020,0,1,1,0
0.2,0.91,0.32,235,238,245,249,255,1020,0,1,1,0
0.22,0.91,0.31,235,236,243,252,255,1020,0,1,1,0
0.19,0.9,0.31,240,238,243,252,255,1021,0,1,1,0
0.19,0.93,0.32,235,236,242,250,255,1023,0,1,1,0
0.18,0.89,0.33,235,236,247,247,255,1021,0,1,1,0
0.19,0.93,0.31,237,236,240,247,255,1020,0,1,1,0
0.18,0.92,0.32,240,236,242,247,255,1020,0,1,1,0
0.17,0.93,0.3,242,236,242,246,255,1020,0,1,1,0
0.18,0.92,0.31,242,233,240,247,255,1020,0,1,1,0
0.2,0.91,0.31,245,236,243,246,255,1020,0,1,1,0
0.17,0.92,0.3,242,235,245,247,255,1020,0,1,1,0
0.19,0.91,0.3,242,235,242,246,255,1022,0,1,1,0
0.17,0.92,0.3,245,235,242,246,255,1020,0,1,1,0
0.16,0.93,0.3,245,235,242,244,255,1020,0,1,1,0
0.17,0.93,0.28,245,236,242,244,255,1021,0,1,1,0
0.19,0.92,0.3,245,232,242,246,255,1020,0,1,1,0
0.19,0.91,0.28,247,240,242,247,255,1020,0,1,1,0
0.2,0.93,0.29,245,236,242,247,255,1023,0,1,1,0
0.19,0.94,0.28,242,235,247,244,255,1022,0,1,1,0
0.18,0.93,0.29,247,236,239,246,255,1020,0,1,1,0
0.18,0.93,0.3,247,236,245,247,255,1020,0,1,0,0
0.19,0.94,0.29,250,236,245,249,255,1021,0,1,1,0
0.2,0.93,0.28,247,230,242,249,255,1021,0,1,1,0
0.17,0.94,0.3,247,235,243,249,255,1020,0,1,1,0
0.19,0.92,0.3,242,238,243,249,255,1022,0,1,1,0
0.2,0.93,0.28,245,236,247,247,255,1023,0,1,1,0
0.19,0.91,0.29,250,236,243,244,255,1018,0,1,1,0
0.21,0.93,0.29,247,236,243,250,255,1020,0,1,1,0
0.22,0.93,0.29,247,236,243,249,255,1021,0,1,1,0
0.18,0.93,0.29,247,230,242,249,255,1020,0,1,1,0
0.2,0.93,0.31,247,240,245,252,255,1020,0,1,1,0
0.2,0.92,0.3,245,236,245,252,255,1022,0,1,1,0
0.2,0.92,0.3,242,236,245,250,255,1023,0,1,1,0
0.2,0.92,0.3,250,236,245,249,255,1020,0,1,1,0
0.18,0.9,0.3,250,238,245,250,255,1018,0,1,1,0
0.2,0.94,0.29,250,241,242,250,255,1022,0,1,1,0
0.2,0.93,0.3,250,238,242,247,255,1021,0,1,1,0
0.2,0.92,0.29,250,236,243,249,255,1021,0,1,1,0
0.17,0.95,0.32,255,240,243,249,255,1016,0,1,1,0
0.19,0.93,0.31,250,236,242,250,255,1020,0,1,1,0
0.2,0.91,0.28,250,238,243,250,255,1020,0,1,1,0
0.19,0.93,0.28,250,240,243,255,255,1021,0,1,1,0
0.19,0.93,0.32,247,240,245,255,255,1021,0,1,1,0
0.26,0.92,0.32,228,236,245,255,255,1021,0,1,1,0
0.23,0.92,0.31,245,240,247,255,255,1021,0,1,1,0
0.26,0.9,0.3,245,238,247,255,255,1022,0,1,1,0
0.27,0.91,0.28,247,240,248,255,255,1021,0,1,1,0
0.27,0.89,0.32,245,238,248,253,255,1021,0,1,1,0
0.25,0.9,0.34,250,236,243,253,255,1018,0,1,1,0
0.26,0.9,0.34,252,240,247,253,255,1021,0,1,1,0
0.24,0.9,0.33,252,238,245,253,255,1023,0,1,1,0
0.25,0.9,0.34,255,236,247,253,255,1021,0,1,1,0
0.25,0.89,0.33,250,238,248,249,255,1021,0,1,1,0
0.24,0.89,0.31,252,240,237,250,255,1018,0,1,1,0
0.24,0.89,0.31,252,241,243,250,255,1021,0,1,0,0
0.03,0.97,0.13,60,176,242,36,30,1004,0,1,1,1
-0.06,0.95,0.2,67,168,235,41,32,1003,0,1,1,1
-0.01,0.97,0.17,65,159,233,42,35,1004,0,1,1,1
-0.02,0.97,0.17,62,154,231,44,37,1003,0,1,1,1
0.07,1.01,0.15,65,144,224,42,35,844,0,1,1,1
-0.06,0.96,0.19,70,151,224,45,39,1004,0,1,1,1
-0.04,0.97,0.17,72,151,222,47,39,1004,0,1,1,1
-0.07,1.0,0.14,72,153,218,45,39,1004,0,1,1,1
-0.01,0.95,0.22,72,154,220,48,39,1004,0,1,1,1
0.1,0.91,0.28,75,156,220,48,41,1004,0,1,1,1
-0.15,0.94,0.3,72,156,220,48,39,1004,0,1,1,1
-0.07,0.97,0.22,75,156,222,50,41,1004,0,1,1,1
-0.02,0.94,0.23,75,156,227,50,41,1004,0,1,1,1
-0.06,0.97,0.21,75,151,224,51,41,1004,0,1,1,1
-0.07,0.98,0.22,77,149,224,51,41,1004,0,1,1,1
-0.05,0.94,0.25,77,149,222,50,41,1004,0,1,1,1
-0.05,0.97,0.24,77,149,224,51,41,1004,0,1,1,1
-0.04,0.95,0.23,77,149,224,51,41,1004,0,1,1,1
-0.05,0.94,0.26,83,149,222,51,41,1003,0,1,1,1
-0.02,0.93,0.3,80,149,222,51,41,1004,0,1,1,1
-0.05,0.92,0.32,83,149,220,51,42,1003,0,1,1,1
-0.02,0.94,0.27,85,149,215,51,41,1004,0,1,1,1
-0.02,0.94,0.31,88,151,218,52,42,1004,0,1,1,1
-0.01,0.94,0.31,90,151,216,52,41,1004,0,1,1,1
-0.03,0.9,0.36,93,149,215,52,41,1004,0,1,1,1
0.06,0.95,0.31,90,149,215,52,42,1003,0,1,1,1
0.08,0.93,0.3,90,148,216,52,42,1004,0,1,1,1
-0.05,0.88,0.4,93,148,215,52,41,1004,0,1,1,1
-0.13,0.88,0.4,93,148,213,52,42,1004,0,1,1,1
-0.44,0.97,0.2,95,149,213,52,41,1004,0,1,1,1
-0.32,0.92,0.21,95,149,213,52,42,1004,0,1,1,1
-0.31,0.87,0.25,95,151,215,52,42,1003,0,1,1,1
-0.31,0.91,0.23,98,151,213,54,41,1004,0,1,1,1
-0.1,0.96,0.2,95,151,213,54,42,1003,0,1,1,1
-0.12,0.95,0.22,95,151,213,54,42,1004,0,1,1,1
-0.39,0.91,0.14,95,151,215,54,42,1004,0,1,1,1
-0.35,0.89,0.2,98,151,213,54,42,1004,0,1,1,1
-0.33,0.9,0.17,98,151,213,54,42,1004,0,1,1,1
-0.34,0.9,0.2,98,153,213,54,42,1004,0,1,1,1
-0.3,0.9,0.19,98,151,211,54,42,1004,0,1,1,1
-0.31,0.91,0.2,98,148,207,55,42,1004,0,1,1,1
-0.32,0.91,0.21,98,148,206,55,44,1004,0,1,1,1
-0.3,0.91,0.19,98,148,207,55,44,1004,0,1,1,1
-0.2,0.92,0.23,98,148,207,55,42,1004,0,1,1,1
-0.23,0.95,0.01,101,148,209,55,42,1004,0,1,1,1
-0.28,0.94,0.02,98,148,209,55,44,1004,0,1,1,1
-0.31,0.91,0.08,95,148,209,55,44,1004,0,1,1,0
-0.29,0.92,0.1,98,148,207,55,44,1004,0,1,1,0
-0.27,0.92,0.14,98,148,207,55,44,1004,0,1,1,0
-0.29,0.91,0.15,98,149,207,55,42,1004,0,1,1,0
-0.28,0.94,0.13,95,149,209,57,44,1003,0,1,1,0
-0.15,0.93,0.06,95,149,206,55,42,1004,0,1,1,0
-0.28,0.94,0.16,98,149,207,57,44,1004,0,1,1,0
-0.27,0.95,0.14,98,149,207,55,44,1004,0,1,1,0
-0.25,0.92,0.16,98,148,207,57,44,1004,0,1,1,0
-0.26,0.93,0.14,98,148,207,55,44,1004,0,1,1,0
-0.28,0.93,0.14,98,148,207,57,44,1004,0,1,1,0
-0.26,0.94,0.13,101,141,209,57,44,1004,0,1,1,0
-0.26,0.91,0.18,101,143,209,57,44,1004,0,1,1,0
-0.25,0.93,0.16,101,143,209,55,44,1003,0,1,1,0
-0.25,0.94,0.15,101,143,209,55,44,1004,0,1,1,0
-0.28,0.95,0.15,101,143,209,57,44,1004,0,1,1,0
-0.26,0.92,0.17,101,143,207,55,44,1004,0,1,1,0
-0.28,0.93,0.17,101,144,209,55,44,1004,0,1,1,0
-0.22,0.96,0.13,101,143,211,55,44,1004,0,1,1,1
-0.22,0.93,0.16,101,139,200,57,46,1004,0,1,0,1
-0.24,0.91,0.2,103,134,169,61,61,1004,0,1,1,1
-0.23,0.92,0.18,95,143,182,51,47,1004,0,1,1,1
-0.2,0.96,0.11,95,144,182,52,49,1004,0,1,1,1
-0.2,0.93,0.15,98,144,182,54,51,1003,0,1,1,1
-0.26,0.95,0.15,98,144,184,52,51,1004,0,1,1,1
-0.25,0.96,0.13,98,144,184,52,51,1004,0,1,1,1
-0.24,0.95,0.16,98,144,184,52,51,1004,0,1,1,1
-0.22,0.93,0.16,98,146,184,52,49,1004,0,1,1,1
-0.21,0.95,0.13,101,146,184,52,46,1003,0,1,1,1
-0.23,0.95,0.18,98,146,182,54,47,1003,0,1,1,1
-0.22,0.93,0.18,98,146,182,52,49,1004,0,1,1,1
-0.21,0.94,0.17,98,146,180,52,47,1004,0,1,1,1
-0.22,0.96,0.16,101,146,180,52,47,1004,0,1,1,1
-0.24,0.95,0.18,98,144,182,52,47,1004,0,1,1,1
-0.12,0.95,0.15,101,146,184,52,49,1004,0,1,1,1
-0.19,0.95,0.14,103,146,184,54,49,1004,0,1,1,1
-0.22,0.93,0.14,103,146,184,54,49,1004,0,1,1,1
-0.23,0.96,0.13,101,146,184,54,49,1004,0,1,1,1
-0.25,0.92,0.14,103,146,187,54,49,1004,0,1,1,1
-0.19,0.96,0.11,101,146,187,54,49,1004,0,1,1,1
-0.18,0.92,0.13,103,146,187,52,49,1004,0,1,1,1
-0.19,0.96,0.1,106,148,189,52,49,1004,0,1,1,1
-0.22,0.95,0.12,106,146,189,54,49,1004,0,1,1,1
-0.16,0.97,0.11,106,148,189,54,49,1004,0,1,1,1
-0.21,0.94,0.15,103,148,189,54,49,1004,0,1,1,1
-0.25,0.95,0.07,106,148,189,52,49,1004,0,1,1,1
-0.23,0.93,0.12,103,148,189,52,51,1004,0,1,1,1
-0.22,0.94,0.12,103,148,189,54,51,1004,0,1,1,1
-0.25,0.94,0.13,106,148,189,54,49,1004,0,1,1,1
-0.19,0.93,0.12,106,148,189,52,49,1004,0,1,1,1
-0.22,0.93,0.14,106,148,189,52,51,1004,0,1,1,1
-0.23,0.95,0.14,106,148,191,52,49,1004,0,1,1,1
-0.22,0.94,0.05,106,148,189,52,49,1004,0,1,1,1
-0.31,0.91,0.06,106,149,189,52,51,1004,0,1,1,1
-0.39,0.39,0.82,38,255,26,41,34,1023,0,0,1,1
-0.35,0.35,0.84,40,247,26,41,36,1023,0,0,1,1
-0.31,0.36,0.86,40,252,28,43,36,1023,0,0,1,1
-0.33,0.35,0.84,40,253,28,43,37,1023,0,0,1,1
-0.37,0.34,0.86,43,255,28,44,39,1023,0,0,1,1
-0.33,0.35,0.85,40,255,30,44,37,1023,0,0,1,1
-0.35,0.34,0.86,43,255,30,44,37,1023,0,0,1,1
-0.35,0.34,0.84,43,255,31,44,39,1023,0,0,1,1
-0.33,0.35,0.83,43,255,31,44,39,1022,0,0,1,1
-0.36,0.35,0.85,43,255,31,44,39,1022,0,0,1,1
-0.37,0.33,0.86,43,255,31,44,39,1023,0,0,1,1
-0.32,0.31,0.89,43,255,33,44,41,1023,0,0,1,1
-0.04,0.31,0.92,43,255,33,44,39,1023,0,0,1,1
-0.08,0.33,0.93,40,255,33,46,39,1023,0,0,1,1
-0.05,0.39,0.89,40,255,33,46,39,1023,0,0,1,1
-0.25,0.12,0.95,40,255,33,46,41,1023,0,0,1,1
-0.22,0.17,0.91,40,255,33,46,41,1023,0,0,1,1
-0.03,0.41,0.83,40,255,33,46,41,1023,0,0,1,1
-0.08,0.5,0.84,40,255,33,46,41,1023,0,0,1,1
0.09,0.43,0.89,38,255,35,46,41,1023,0,0,1,1
-0.09,0.48,0.84,40,255,35,47,43,1023,0,0,1,1
-0.01,0.43,0.9,40,255,35,47,41,1023,0,0,1,1
-0.03,0.75,0.71,43,255,37,47,41,1023,0,0,1,1
-0.21,0.48,0.79,40,255,35,47,41,1023,0,0,1,1
-0.13,0.49,0.79,43,255,37,47,41,1023,0,0,1,1
-0.08,0.57,0.81,40,255,39,47,43,1023,0,0,1,1
-0.08,0.52,0.82,43,255,37,47,41,1023,0,0,1,1
-0.1,0.51,0.85,40,255,37,47,41,1023,0,0,1,1
-0.17,0.53,0.84,43,255,39,47,43,1023,0,0,1,1
-0.15,0.52,0.8,43,255,39,47,43,1023,0,0,1,1
-0.17,0.45,0.94,43,255,39,47,43,1023,0,0,1,1
-0.2,0.56,0.78,43,255,39,49,43,1023,0,0,1,1
-0.11,0.49,0.88,43,255,39,49,43,1023,0,0,1,1
-0.16,0.54,0.81,43,255,39,49,43,1023,0,0,1,1
-0.12,0.56,0.81,43,255,39,49,43,1023,0,0,1,1
-0.03,0.64,0.74,40,255,39,49,41,1023,0,0,1,1
-0.07,0.56,0.81,43,255,39,47,43,1023,0,0,1,1
-0.17,0.4,0.88,43,255,40,49,43,1023,0,0,1,1
-0.21,0.38,0.88,43,255,35,50,43,1022,0,0,1,1
-0.19,0.36,0.93,43,255,37,50,43,1022,0,0,1,1
-0.23,0.61,0.73,38,255,39,52,41,1023,0,0,1,1
-0.22,0.5,0.77,40,255,39,52,41,1023,0,0,1,1
-0.4,0.36,0.87,43,255,40,52,41,1023,0,0,1,1
-0.36,0.36,0.85,43,255,39,53,43,1023,0,0,1,1
-0.26,0.38,0.85,45,255,39,52,41,1023,0,0,1,0
-0.35,0.34,0.89,45,255,39,52,43,1023,0,0,1,1
-0.25,0.36,0.89,45,255,40,52,43,1023,0,0,1,1
-0.23,0.41,0.87,45,255,40,52,43,1023,0,0,1,1
-0.2,0.44,0.83,45,255,40,53,43,1023,0,0,1,1
-0.16,0.65,0.74,45,255,42,53,43,1023,0,0,1,1
-0.18,0.63,0.71,45,255,42,53,43,1023,0,0,1,1
-0.15,0.58,0.78,45,255,42,53,43,1023,0,0,1,1
-0.17,0.41,0.86,45,255,40,53,44,1023,0,0,1,1
-0.13,0.57,0.79,48,255,42,53,44,1023,0,0,1,1
-0.11,0.53,0.82,45,255,42,53,44,1023,0,0,1,1
-0.13,0.57,0.81,45,255,42,53,43,1023,0,0,1,1
-0.15,0.48,0.87,48,255,42,55,43,1023,0,0,1,1
-0.14,0.49,0.85,48,255,42,55,43,1023,0,0,1,1
-0.12,0.53,0.82,48,255,42,55,43,1023,0,0,1,1
-0.11,0.52,0.81,48,255,44,55,44,1023,0,0,1,1
-0.11,0.53,0.81,48,255,42,53,44,1023,0,0,1,1
-0.13,0.49,0.85,48,255,44,55,43,1023,0,0,1,1
-0.13,0.53,0.81,48,255,44,55,44,1023,0,0,1,1
-0.15,0.5,0.84,51,255,42,55,43,1023,0,0,1,1
-0.18,0.49,0.85,48,255,42,55,43,1023,0,0,1,1
-0.1,0.5,0.81,48,255,42,55,44,1023,0,0,1,1
-0.13,0.48,0.83,48,255,42,55,44,1023,0,0,1,1
-0.15,0.49,0.86,48,255,42,55,43,1023,0,0,1,1
-0.17,0.48,0.85,48,255,42,55,43,1023,0,0,1,1
-0.1,0.48,0.82,48,255,44,55,44,1023,0,0,1,1
-0.13,0.48,0.86,48,255,44,55,43,1022,0,0,1,1
-0.16,0.45,0.89,48,255,44,55,44,1023,0,0,1,1
-0.12,0.44,0.88,48,255,44,55,44,1023,0,0,1,1
-0.16,0.45,0.86,48,255,44,56,44,1023,0,0,1,1
-0.13,0.41,0.89,48,255,44,55,44,1023,0,0,1,1
-0.12,0.49,0.84,48,255,44,56,44,1023,0,0,1,1
-0.15,0.44,0.87,48,255,42,55,44,1023,0,0,1,1
-0.13,0.43,0.88,48,255,44,55,44,1023,0,0,1,1
-0.17,0.43,0.87,48,255,42,55,44,1023,0,0,1,1
-0.17,0.42,0.86,51,255,44,56,44,1023,0,0,1,1
-0.18,0.5,0.84,48,255,44,55,44,1022,0,0,1,1
-0.21,0.44,0.87,51,255,44,55,44,1023,0,0,1,1
-0.2,0.46,0.88,48,255,44,56,44,1023,0,0,1,1
-0.17,0.43,0.85,51,255,44,56,44,1023,0,0,1,1
-0.19,0.44,0.86,48,255,44,55,44,1023,0,0,1,1
-0.16,0.45,0.83,51,255,42,56,46,1023,0,0,1,1
-0.16,0.45,0.85,51,255,44,56,44,1023,0,0,1,1
-0.19,0.46,0.85,51,255,44,56,44,1023,0,0,1,1
-0.28,0.5,0.8,51,255,44,56,44,1023,0,0,1,1
-0.17,0.52,0.81,51,255,44,56,44,1023,0,0,1,1
-0.0,0.53,0.83,51,255,44,56,46,1023,0,0,1,1
-0.17,0.48,0.83,51,255,44,56,44,1023,0,0,1,1
-0.25,0.43,0.88,51,255,44,55,44,1023,0,0,1,1
-0.17,0.46,0.87,51,255,44,56,46,1023,0,0,1,1
-0.13,0.56,0.81,51,255,44,56,46,1023,0,0,1,1
-0.24,0.43,0.82,51,255,44,55,44,1023,0,0,1,1
-0.19,0.55,0.8,51,255,44,56,44,1023,0,0,1,1
-0.09,0.51,0.84,51,255,44,56,46,1023,0,0,1,1
-0.17,0.5,0.83,51,255,44,56,46,1023,0,0,1,1
-0.18,0.5,0.81,51,255,44,56,44,1023,0,0,1,1
-0.78,0.54,0.26,255,45,43,44,231,1021,0,1,1,0
-0.77,0.51,0.22,255,44,46,41,227,1022,0,1,1,0
-0.76,0.53,0.23,255,45,43,44,227,1017,0,1,1,0
-0.78,0.51,0.25,255,47,44,44,225,1020,0,1,1,0
-0.81,0.47,0.21,255,35,43,49,229,1022,0,1,1,0
-0.69,0.5,0.14,255,45,43,47,229,1021,0,1,1,0
-0.74,0.57,0.14,255,45,47,46,229,1023,0,1,1,0
-0.69,0.38,0.25,255,45,37,41,233,1020,0,1,1,0
-0.96,0.46,0.23,255,51,44,44,233,1021,0,1,1,0
-0.76,0.46,0.21,255,47,47,44,231,1023,0,1,1,0
-0.91,0.47,0.29,255,45,46,41,229,1020,0,1,1,0
-0.64,0.52,0.22,255,47,44,46,233,1021,0,1,1,0
-0.78,0.45,0.24,255,45,47,46,231,1022,0,1,1,0
-0.81,0.47,0.17,255,51,44,46,219,1022,0,1,1,0
-0.83,0.54,0.03,255,47,46,44,229,1020,0,1,1,0
-0.81,0.49,0.03,255,39,44,51,231,1022,0,1,1,0
-0.84,0.46,0.1,255,44,47,46,231,1022,0,1,1,0
-0.85,0.49,0.07,255,45,41,47,231,1023,0,1,1,0
-0.91,0.48,0.08,255,44,37,44,231,1018,0,1,1,0
-0.82,0.46,0.1,255,44,46,51,231,1023,0,1,1,0
-0.82,0.48,0.1,255,44,41,44,231,1023,0,1,1,0
-0.82,0.47,0.11,255,45,46,39,231,1022,0,1,1,0
-0.83,0.49,0.11,255,47,46,46,231,1018,0,1,1,0
-0.85,0.5,0.09,255,42,44,54,227,1022,0,1,1,0
-0.82,0.44,0.11,255,45,46,46,227,1022,0,1,1,0
-0.89,0.46,0.1,255,40,47,46,233,1022,0,1,1,0
-0.89,0.54,0.04,255,39,43,44,239,1021,0,1,1,0
-0.79,0.53,0.11,255,40,46,41,237,1020,0,1,1,0
-0.82,0.49,-0.0,255,44,37,44,241,1023,0,1,1,0
-0.76,0.57,0.02,255,42,34,41,239,1018,0,1,1,0
-0.83,0.46,0.0,255,44,43,47,241,1023,0,1,1,0
-0.8,0.53,0.06,255,42,50,43,243,1023,0,1,1,0
-0.71,0.69,-0.08,255,45,46,46,235,1022,0,1,1,0
-0.8,0.5,-0.02,255,44,44,46,241,1018,0,1,1,0
-0.83,0.56,0.01,255,39,44,54,235,1021,0,1,1,0
-0.8,0.54,-0.01,255,47,46,47,239,1022,0,1,1,0
-0.78,0.55,-0.05,255,40,49,47,239,1022,0,1,1,0
-0.84,0.53,0.0,255,44,40,46,245,1020,0,1,1,0
-0.79,0.57,-0.02,255,44,44,51,237,1020,0,1,1,0
-0.77,0.57,0.01,255,49,46,51,237,1023,0,1,1,0
-0.8,0.57,-0.01,255,44,46,39,235,1022,0,1,1,0
-0.77,0.58,0.01,255,44,52,51,235,1023,0,1,1,0
-0.75,0.61,-0.02,255,44,47,49,237,1022,0,1,1,0
-0.75,0.58,0.02,255,49,44,47,229,1022,0,1,1,0
-0.73,0.57,0.05,255,47,46,47,233,1022,0,1,1,0
-0.8,0.56,0.01,255,37,46,51,235,1022,0,1,1,0
-0.77,0.54,0.04,255,45,47,47,233,1022,0,1,1,0
-0.76,0.61,0.0,255,45,47,49,233,1023,0,1,1,0
-0.75,0.58,0.02,255,45,37,47,233,1019,0,1,1,0
-0.79,0.54,0.04,255,45,46,54,233,1023,0,1,1,0
-0.77,0.56,0.04,255,45,52,46,237,1023,0,1,1,0
-0.75,0.58,0.03,255,47,47,49,229,1021,0,1,1,0
-0.74,0.53,0.04,255,51,47,49,233,1018,0,1,1,0
-0.77,0.59,-0.01,255,39,46,54,231,1022,0,1,1,0
-0.74,0.56,0.07,255,47,52,49,231,1021,0,1,1,0
-0.77,0.55,0.07,255,45,47,49,229,1023,0,1,1,0
-0.77,0.57,0.05,255,47,43,49,233,1020,0,1,1,0
-0.75,0.59,0.04,255,47,47,51,231,1021,0,1,1,0
-0.76,0.58,0.07,255,51,49,54,229,1023,0,1,1,0
-0.74,0.59,0.08,255,47,47,49,227,1020,0,1,1,0
-0.73,0.6,0.06,255,47,47,51,233,1021,0,1,1,0
-0.74,0.6,0.06,255,45,47,46,227,1022,0,1,1,0
-0.74,0.6,0.1,255,52,46,51,219,1022,0,1,1,0
-0.78,0.59,0.05,255,42,49,51,229,1022,0,1,1,0
-0.74,0.6,0.07,255,39,46,51,233,1021,0,1,1,0
-0.69,0.63,0.06,255,47,47,51,229,1019,0,1,1,0
-0.78,0.6,-0.01,255,52,43,51,227,1023,0,1,1,0
-0.76,0.65,0.02,255,47,49,47,227,1022,0,1,1,0
-0.71,0.67,0.0,255,47,47,51,229,1023,0,1,1,0
-0.7,0.61,0.06,255,47,53,47,231,1022,0,1,1,0
-0.71,0.57,0.11,255,49,47,49,223,1022,0,1,1,0
-0.75,0.58,0.04,255,51,47,51,227,1022,0,1,1,0
-0.75,0.6,0.04,255,44,47,56,219,1022,0,1,1,0
-0.75,0.59,0.03,255,51,49,51,223,1022,0,1,1,0
-0.76,0.6,0.05,255,45,52,51,223,1023,0,1,1,0
-0.8,0.52,0.16,255,47,43,49,231,1018,0,1,1,0
-0.77,0.57,0.08,255,49,49,56,229,1020,0,1,1,0
-0.77,0.57,0.08,255,54,49,54,229,1023,0,1,1,0
-0.76,0.58,0.09,255,49,47,39,227,1022,0,1,1,0
-0.77,0.62,0.07,255,45,52,51,229,1023,0,1,1,0
-0.74,0.59,0.09,255,47,47,52,233,1022,0,1,1,0
-0.76,0.61,0.07,255,54,47,51,219,1022,0,1,1,0
-0.75,0.59,0.08,255,51,49,51,229,1020,0,1,1,0
-0.75,0.6,0.11,255,39,47,51,231,1022,0,1,1,0
-0.7,0.61,0.09,255,49,50,51,231,1021,0,1,1,0
-0.72,0.6,0.08,255,47,47,51,231,1023,0,1,1,0
-0.75,0.64,0.05,255,51,37,51,233,1020,0,1,1,0
-0.76,0.62,0.05,255,49,49,56,229,1022,0,1,1,0
-0.76,0.6,0.08,255,49,43,51,229,1023,0,1,1,0
-0.75,0.6,0.04,255,49,49,41,229,1022,0,1,1,0
-0.75,0.57,0.03,255,51,49,51,233,1017,0,1,1,0
-0.8,0.55,0.01,255,47,47,54,225,1022,0,1,1,0
-0.79,0.54,-0.01,255,54,49,51,223,1022,0,1,1,0
-0.75,0.57,0.0,255,44,50,51,231,1022,0,1,1,0
-0.78,0.61,0.02,255,45,46,51,237,1022,0,1,1,0
-0.77,0.59,0.02,255,49,50,52,231,1019,0,1,1,0
-0.76,0.6,0.05,255,56,49,56,231,1023,0,1,1,0
-0.76,0.6,0.01,255,54,49,47,229,1020,0,1,1,0
-0.76,0.61,0.03,255,49,49,51,233,1021,0,1,1,0
-0.73,0.6,0.04,255,49,53,49,233,1022,0,1,1,0
-0.39,0.44,-0.82,213,242,224,206,234,1023,0,1,1,1
-0.37,0.44,-0.83,213,242,223,205,236,1021,0,1,1,1
-0.37,0.45,-0.82,211,246,221,209,234,1023,0,1,1,1
-0.38,0.45,-0.83,213,237,224,206,236,1023,0,1,1,1
-0.38,0.44,-0.83,213,242,224,206,232,1023,0,1,1,1
-0.37,0.44,-0.83,215,242,224,209,234,1023,0,1,1,1
-0.38,0.44,-0.83,213,244,227,206,234,1023,0,1,1,1
-0.37,0.44,-0.82,215,241,226,209,234,1021,0,1,1,1
-0.37,0.44,-0.84,218,244,227,200,232,1023,0,1,1,1
-0.38,0.44,-0.82,215,242,229,203,227,1020,0,1,1,1
-0.4,0.44,-0.84,222,239,227,202,226,1023,0,1,1,1
-0.37,0.44,-0.83,208,242,229,203,227,1023,0,1,1,1
-0.37,0.45,-0.84,215,242,224,200,226,1021,0,1,1,1
-0.37,0.44,-0.83,218,242,229,205,227,1023,0,1,1,1
-0.38,0.44,-0.81,211,244,229,203,227,1020,0,1,1,1
-0.39,0.44,-0.84,215,246,227,206,227,1023,0,1,1,1
-0.39,0.44,-0.83,218,237,227,203,230,1023,0,1,1,1
-0.39,0.44,-0.82,218,246,229,203,224,1023,0,1,1,1
-0.4,0.44,-0.82,220,244,229,206,227,1023,0,1,1,1
-0.4,0.43,-0.82,218,246,229,205,229,1023,0,1,1,1
-0.39,0.45,-0.83,215,241,227,206,229,1023,0,1,1,1
-0.39,0.43,-0.82,222,242,229,198,229,1023,0,1,1,1
-0.39,0.44,-0.82,218,242,229,203,230,1022,0,1,1,1
-0.4,0.44,-0.83,218,242,229,206,229,1023,0,1,1,1
-0.39,0.44,-0.81,218,241,229,202,232,1023,0,1,1,1
-0.4,0.43,-0.82,220,242,229,200,232,1023,0,1,1,1
-0.4,0.43,-0.82,218,241,229,203,232,1023,0,1,1,1
-0.39,0.43,-0.82,220,246,229,203,232,1023,0,1,1,1
-0.4,0.44,-0.82,218,242,233,198,232,1023,0,1,1,1
-0.4,0.43,-0.83,220,242,224,202,232,1022,0,1,1,1
-0.41,0.43,-0.83,220,246,229,203,229,1023,0,1,1,1
-0.4,0.42,-0.82,222,242,229,203,233,1023,0,1,1,1
-0.4,0.42,-0.81,220,248,226,203,232,1023,0,1,1,1
-0.4,0.42,-0.81,220,237,227,203,232,1023,0,1,1,1
-0.41,0.43,-0.82,222,244,229,203,229,1023,0,1,1,1
-0.41,0.44,-0.81,220,249,227,206,232,1023,0,1,1,1
-0.44,0.43,-0.83,220,244,229,203,233,1023,0,1,1,1
-0.33,0.39,-0.8,224,248,229,202,236,1023,0,1,1,1
-0.45,0.48,-0.89,220,244,229,203,237,1023,0,1,1,1
-0.4,0.4,-0.83,224,242,229,206,234,1020,0,1,1,1
-0.39,0.4,-0.84,227,241,232,203,234,1023,0,1,1,1
-0.39,0.4,-0.82,215,242,229,209,233,1023,0,1,1,1
-0.4,0.4,-0.84,220,242,227,203,232,1023,0,1,1,1
-0.41,0.41,-0.84,220,242,229,203,232,1023,0,1,1,1
-0.4,0.41,-0.84,218,246,229,203,230,1022,0,1,1,1
-0.4,0.4,-0.83,218,242,229,203,232,1023,0,1,1,1
-0.41,0.4,-0.83,220,244,224,203,233,1023,0,1,1,1
-0.41,0.39,-0.82,220,246,229,203,229,1023,0,1,1,1
-0.4,0.4,-0.81,224,244,229,203,232,1021,0,1,1,1
-0.41,0.4,-0.83,220,248,227,206,229,1023,0,1,1,1
-0.42,0.4,-0.82,222,241,227,202,226,1023,0,1,1,1
-0.42,0.4,-0.81,220,244,229,202,227,1023,0,1,1,1
-0.43,0.41,-0.84,220,242,229,202,229,1023,0,1,1,1
-0.43,0.41,-0.82,222,244,229,203,230,1023,0,1,1,1
-0.41,0.42,-0.84,220,241,227,203,230,1023,0,1,1,1
-0.42,0.39,-0.81,220,244,229,198,229,1023,0,1,1,1
-0.42,0.4,-0.83,220,244,227,202,233,1020,0,1,1,1
-0.43,0.4,-0.83,220,244,227,206,230,1023,0,1,1,1
-0.43,0.4,-0.81,220,244,229,202,232,1023,0,1,1,1
-0.42,0.4,-0.81,222,244,224,200,232,1023,0,1,1,1
-0.41,0.41,-0.82,222,244,226,202,232,1023,0,1,1,1
-0.42,0.4,-0.82,222,244,229,202,233,1019,0,1,1,1
-0.43,0.4,-0.81,220,246,227,206,232,1023,0,1,1,1
-0.43,0.4,-0.83,220,239,227,202,233,1023,0,1,1,1
-0.44,0.39,-0.83,222,244,229,203,230,1023,0,1,1,1
-0.44,0.42,-0.82,222,242,229,203,233,1023,0,1,1,1
-0.44,0.42,-0.82,220,246,229,203,232,1023,0,1,1,1
-0.42,0.39,-0.78,222,241,229,206,232,1023,0,1,1,1
-0.45,0.42,-0.79,222,244,229,200,230,1023,0,1,1,1
-0.45,0.42,-0.78,220,244,229,203,229,1023,0,1,1,1
-0.48,0.4,-0.79,224,246,229,203,229,1023,0,1,1,1
-0.46,0.41,-0.8,222,244,229,203,229,1023,0,1,1,1
-0.47,0.39,-0.79,222,244,229,203,230,1023,0,1,1,1
-0.47,0.41,-0.79,222,244,229,203,230,1023,0,1,1,1
-0.47,0.42,-0.8,222,244,229,203,230,1023,0,1,1,1
-0.48,0.41,-0.79,222,244,230,203,229,1023,0,1,1,1
-0.46,0.4,-0.79,222,244,230,203,229,1023,0,1,1,1
-0.47,0.41,-0.79,222,244,230,203,229,1023,0,1,1,1
-0.47,0.41,-0.78,222,244,230,203,230,1023,0,1,1,1
-0.48,0.39,-0.79,222,244,230,203,230,1023,0,1,1,1
-0.47,0.4,-0.79,224,244,229,203,230,1023,0,1,1,1
-0.46,0.42,-0.8,222,244,230,203,229,1023,0,1,1,1
-0.47,0.41,-0.79,222,244,230,203,229,1023,0,1,1,1
-0.46,0.41,-0.78,222,244,230,203,229,1023,0,1,1,1
-0.46,0.41,-0.79,222,244,229,206,229,1023,0,1,1,1
-0.46,0.41,-0.79,222,244,230,205,229,1023,0,1,1,1
-0.46,0.41,-0.79,222,244,230,205,230,1023,0,1,1,1
-0.45,0.41,-0.79,222,244,229,203,229,1023,0,1,1,1
-0.45,0.41,-0.8,222,244,229,203,229,1023,0,1,1,1
-0.44,0.41,-0.8,224,244,229,203,230,1023,0,1,1,1
-0.46,0.4,-0.79,222,244,229,200,229,1023,0,1,1,1
-0.45,0.43,-0.81,224,244,229,205,230,1022,0,1,1,1
-0.45,0.42,-0.8,224,242,229,205,229,1023,0,1,1,1
-0.46,0.41,-0.8,215,244,230,205,226,1023,0,1,1,1
-0.45,0.42,-0.78,227,246,230,202,230,1023,0,1,1,1
-0.46,0.4,-0.8,222,246,230,205,230,1023,0,1,1,1
-0.47,0.4,-0.81,222,246,230,205,230,1022,0,1,1,1
-0.46,0.41,-0.81,220,246,233,202,233,1023,0,1,1,1
-0.46,0.41,-0.8,224,246,226,203,230,1021,0,1,1,1
-0.45,0.41,-0.8,224,246,230,205,229,1023,0,1,1,1
-0.23,0.88,-0.32,65,255,255,229,228,1023,0,1,1,1
-0.31,0.86,-0.4,57,255,255,228,233,1018,0,1,1,1
-0.33,0.75,-0.29,62,255,255,228,233,1023,0,1,1,1
-0.2,0.83,-0.48,70,255,255,223,232,1023,0,1,1,1
-0.25,0.79,-0.58,67,255,255,228,233,1023,0,1,1,1
-0.23,0.81,-0.56,65,255,255,228,235,1023,0,1,1,1
-0.28,0.78,-0.52,67,255,245,226,233,1020,0,1,1,1
-0.08,0.84,-0.51,70,255,255,234,237,1021,0,1,1,1
0.08,0.97,-0.22,65,255,255,235,238,1023,0,1,1,1
-0.06,0.87,-0.42,67,255,255,231,243,1020,0,1,1,1
-0.06,0.88,-0.34,75,255,255,237,246,1022,0,1,1,1
0.17,0.91,-0.96,65,255,255,238,246,1023,0,1,1,1
0.0,0.91,-0.27,75,255,255,229,245,1020,0,1,1,1
0.11,0.78,-0.69,93,255,255,234,246,1023,0,1,1,1
-0.0,0.87,-0.62,36,255,255,237,245,1023,0,1,1,1
-0.01,0.83,-0.4,70,255,255,234,238,1023,0,1,1,1
0.08,0.85,-0.55,72,255,255,234,246,1023,0,1,1,1
-0.13,0.87,-0.44,57,253,253,234,248,1023,0,1,1,1
0.09,0.76,-0.63,62,255,251,231,246,1023,0,1,1,1
0.08,0.7,-0.93,75,253,255,232,248,1020,0,1,1,1
-0.06,0.84,-0.32,67,246,245,226,251,1023,0,1,1,1
0.02,0.75,-0.64,103,251,253,231,248,1023,0,1,1,1
0.02,0.92,-0.35,70,255,255,231,248,1023,0,1,1,1
0.08,0.79,-0.42,49,255,248,229,250,1023,0,1,1,1
-0.08,0.86,-0.42,75,255,255,231,246,1020,0,1,1,1
0.04,0.85,-0.46,103,255,253,234,248,1023,0,1,1,1
0.03,0.82,-0.21,101,255,251,226,245,1022,0,1,1,1
0.11,0.87,-0.64,106,255,255,232,250,1022,0,1,1,1
0.06,0.77,-0.43,39,253,246,232,248,1023,0,1,1,1
0.0,0.75,-0.17,57,249,232,216,246,1022,0,1,1,1
-0.14,0.76,-0.33,70,246,237,219,251,1020,0,1,1,1
0.05,0.74,-0.81,70,239,232,214,246,1023,0,1,1,1
-0.08,0.69,-0.52,95,244,240,213,243,1020,0,1,1,1
0.07,0.85,-0.48,54,246,240,220,246,1023,0,1,1,1
0.05,0.75,-0.67,42,240,235,217,246,1023,0,1,1,1
0.1,0.64,-0.76,70,244,232,205,245,1023,0,1,1,1
-0.04,0.89,-0.29,75,255,243,216,245,1018,0,1,1,1
-0.04,0.76,-0.7,60,244,241,219,248,1023,0,1,1,1
0.02,0.79,-0.76,80,253,248,217,245,1023,0,1,1,1
0.06,0.75,-0.52,67,246,248,216,246,1023,0,1,1,1
0.07,0.7,-0.71,44,246,243,219,250,1023,0,1,1,1
0.03,0.82,-0.45,88,247,246,217,248,1023,0,1,1,1
-0.04,0.85,-0.7,80,251,241,219,246,1023,0,1,1,1
0.0,0.88,-0.31,93,251,245,214,245,1022,0,1,0,1
0.01,0.81,-0.37,101,251,246,216,246,1022,0,1,1,1
-0.03,0.85,-0.54,101,251,248,219,246,1023,0,1,1,1
-0.12,0.87,-0.31,108,253,248,219,241,1021,0,1,0,1
0.08,0.88,-0.43,72,253,248,222,246,1023,0,1,1,1
-0.08,0.83,-0.55,65,253,253,222,246,1023,0,1,1,1
0.02,0.87,-0.48,67,253,250,217,246,1020,0,1,1,1
0.0,0.87,-0.47,70,253,248,222,246,1023,0,1,0,1
0.04,0.88,-0.47,52,253,250,223,246,1023,0,1,0,1
0.02,0.88,-0.44,67,255,250,223,238,1023,0,1,1,1
0.02,0.88,-0.47,70,255,250,222,245,1022,0,1,0,1
0.01,0.87,-0.48,70,249,250,222,245,1023,0,1,0,1
0.01,0.88,-0.5,70,255,251,220,245,1023,0,1,0,1
0.01,0.89,-0.5,77,253,250,220,243,1023,0,1,0,1
0.02,0.89,-0.48,70,255,248,219,246,1022,0,1,0,1
0.04,0.88,-0.51,72,255,250,222,245,1023,0,1,0,1
0.03,0.87,-0.46,72,255,248,222,243,1023,0,1,0,1
0.02,0.89,-0.49,75,255,251,219,241,1020,0,1,0,1
0.05,0.87,-0.48,77,255,250,219,241,1022,0,1,0,1
0.01,0.87,-0.47,70,255,250,217,241,1023,0,1,0,1
0.02,0.91,-0.48,77,255,251,219,240,1023,0,1,0,1
0.02,0.87,-0.49,67,255,251,219,243,1023,0,1,0,1
0.03,0.89,-0.49,62,255,251,223,240,1023,0,1,1,1
-0.01,0.91,-0.49,75,255,253,225,237,1023,0,1,1,1
0.01,0.9,-0.45,70,253,253,228,240,1023,0,1,1,1
0.02,0.85,-0.42,75,247,251,225,246,1023,0,1,1,1
0.02,0.88,-0.46,85,255,253,223,241,1020,0,1,1,1
0.01,0.89,-0.49,77,255,255,225,241,1023,0,1,1,1
0.03,0.86,-0.49,75,253,246,225,243,1023,0,1,1,1
0.04,0.87,-0.49,77,253,253,228,243,1023,0,1,1,1
0.03,0.87,-0.46,75,255,253,228,243,1023,0,1,1,1
0.07,0.89,-0.48,83,253,253,222,241,1021,0,1,1,1
0.03,0.89,-0.47,77,253,255,228,243,1023,0,1,1,1
0.02,0.9,-0.49,72,253,255,225,245,1023,0,1,1,1
0.04,0.84,-0.57,77,255,253,226,237,1023,0,1,1,1
0.01,0.82,-0.45,93,255,250,228,246,1022,0,1,1,1
0.02,0.87,-0.52,88,255,251,238,248,1023,0,1,1,1
0.01,0.87,-0.5,93,255,253,235,251,1023,0,1,1,1
0.0,0.84,-0.5,98,255,253,235,250,1023,0,1,1,1
-0.01,0.85,-0.5,93,255,251,235,253,1022,0,1,1,1
-0.01,0.88,-0.55,93,255,255,235,250,1023,0,1,1,1
0.01,0.83,-0.5,93,255,251,235,250,1023,0,1,1,1
0.07,0.79,-0.6,93,255,251,235,250,1022,0,1,1,1
-0.01,0.76,-0.64,95,255,251,235,248,1020,0,1,1,1
0.02,0.7,-0.7,93,255,253,232,250,1023,0,1,1,1
0.01,0.68,-0.73,83,255,251,235,248,1022,0,1,1,1
0.02,0.69,-0.72,75,255,253,235,251,1023,0,1,1,1
-0.01,0.7,-0.78,72,255,253,238,245,1023,0,1,1,1
0.01,0.69,-0.75,75,255,253,237,248,1023,0,1,1,1
0.06,0.69,-0.77,75,255,255,237,250,1020,0,1,1,1
0.02,0.87,-0.55,75,255,251,237,248,1023,0,1,1,1
-0.05,0.91,-0.51,90,255,255,237,246,1023,0,1,1,1
-0.11,0.83,-0.45,72,255,253,237,246,1023,0,1,1,1
-0.08,0.86,-0.5,83,255,233,235,207,1023,0,1,1,1
-0.04,0.86,-0.51,85,255,237,234,215,1023,0,1,1,1
-0.1,0.87,-0.55,85,255,238,234,219,1023,0,1,1,1
-0.13,0.8,-0.58,88,253,241,229,219,1021,0,1,0,1
0.1,0.96,0.18,255,255,255,255,220,929,1,1,1,1
0.08,0.97,0.14,252,255,255,255,223,931,1,1,1,1
0.38,0.93,0.09,252,255,255,255,210,930,1,1,1,1
0.38,0.93,0.1,255,255,255,255,213,930,1,1,1,1
0.22,0.96,0.08,255,255,255,255,215,929,1,1,1,1
0.18,0.96,0.08,255,255,255,255,213,929,1,1,1,1
0.23,0.95,0.05,255,255,255,255,215,929,1,1,1,1
0.18,0.97,0.07,255,255,255,255,215,930,1,1,1,1
0.18,0.96,0.08,255,255,255,255,212,930,1,1,1,1
0.22,0.97,0.04,255,255,255,255,216,933,1,1,1,1
0.22,0.96,0.09,255,255,255,255,216,930,1,1,1,1
0.22,0.97,0.09,255,255,255,255,215,929,1,1,1,1
0.19,0.96,0.13,255,255,255,255,213,929,1,1,1,1
0.18,0.96,0.16,255,255,255,255,212,929,1,1,1,1
0.22,0.95,0.17,255,255,255,255,213,930,1,1,1,1
0.19,0.96,0.16,255,255,255,255,213,929,1,1,1,1
0.18,0.96,0.15,255,255,255,255,216,928,1,1,1,1
0.17,0.94,0.18,255,255,255,255,215,929,1,1,1,1
0.19,0.96,0.11,255,255,255,255,215,929,1,1,1,1
0.18,0.96,0.2,252,255,255,255,216,931,1,1,1,1
0.15,0.92,0.21,255,255,255,255,212,930,1,1,1,1
0.17,0.96,0.22,255,255,255,255,213,930,1,1,1,1
0.16,0.95,0.2,255,255,255,255,215,929,1,1,1,1
0.18,0.94,0.19,255,255,255,255,213,929,1,1,1,1
0.12,0.95,0.24,255,255,255,255,215,930,1,1,1,1
0.16,0.95,0.22,250,255,255,255,213,931,1,1,1,1
0.14,0.95,0.17,255,255,255,255,212,930,1,1,1,1
0.23,0.95,0.11,255,255,255,255,215,928,1,1,1,1
0.18,0.97,0.17,255,255,255,255,216,931,1,1,1,1
0.17,0.96,0.14,255,255,255,255,215,928,1,1,1,1
0.16,0.97,0.12,255,255,255,255,216,931,1,1,1,1
0.06,0.99,0.17,255,255,255,255,212,930,1,1,1,1
0.18,0.97,0.12,255,255,255,255,215,928,1,1,1,1
0.15,0.96,0.12,255,255,255,255,218,930,1,1,1,1
0.19,0.97,0.07,255,255,255,255,224,930,1,1,1,1
0.21,0.96,0.04,255,255,255,255,224,930,1,1,1,1
0.15,0.97,0.05,255,255,255,255,224,930,1,1,1,1
0.1,0.96,0.11,255,255,255,255,224,929,1,1,1,1
0.19,0.96,0.05,255,255,255,255,226,930,1,1,1,1
0.24,0.95,0.07,255,255,255,255,224,928,1,1,1,1
0.17,0.98,0.08,255,255,255,255,224,930,1,1,1,1
0.26,0.96,0.1,255,255,255,255,226,928,1,1,1,1
0.19,0.96,0.09,255,255,255,255,223,928,1,1,1,1
0.19,0.96,0.07,255,255,255,255,226,933,1,1,1,1
0.17,0.97,0.08,255,255,255,255,218,929,1,1,1,1
0.17,0.97,0.09,255,255,255,255,223,928,1,1,1,1
0.2,0.98,0.07,255,255,255,255,223,928,1,1,1,1
0.19,0.97,0.08,255,255,255,255,224,928,1,1,1,1
0.18,0.97,0.07,255,255,255,255,226,934,1,1,1,1
0.19,0.97,0.06,255,255,255,255,218,930,1,1,1,1
0.18,0.96,0.08,255,255,255,255,223,928,1,1,1,1
0.17,0.97,0.09,255,255,253,255,223,930,1,1,1,1
0.2,0.96,0.13,255,255,255,255,223,928,1,1,1,1
0.2,0.98,0.07,255,255,255,255,224,934,1,1,1,1
0.19,0.96,0.08,255,255,255,255,218,930,1,1,1,1
0.21,0.97,0.06,255,255,255,255,221,929,1,1,1,1
0.2,0.96,0.06,255,255,255,255,223,930,1,1,1,1
0.23,0.97,0.08,255,255,255,255,221,928,1,1,1,1
0.15,0.96,0.1,255,255,255,255,224,933,1,1,1,1
0.17,0.97,0.1,255,255,255,255,218,929,1,1,1,1
0.15,0.97,0.08,255,255,255,255,223,928,1,1,1,1
0.19,0.97,0.08,255,255,255,255,223,930,1,1,1,1
0.2,0.96,0.09,255,255,255,255,221,929,1,1,1,1
0.18,0.97,0.06,255,255,255,255,223,934,1,1,1,1
0.18,0.97,0.08,255,255,255,255,220,931,1,1,1,1
0.18,0.96,0.07,255,255,255,255,221,929,1,1,1,1
0.18,0.96,0.08,255,255,255,255,221,930,1,1,1,1
0.19,0.97,0.08,255,255,255,255,221,928,1,1,1,1
0.19,0.97,0.07,255,255,255,255,221,933,1,1,1,1
0.2,0.97,0.09,255,255,255,255,218,930,1,1,1,1
0.18,0.98,0.08,255,255,255,255,221,929,1,1,1,1
0.2,0.98,0.07,255,255,255,255,220,930,1,1,1,1
0.2,0.97,0.06,255,255,255,255,220,928,1,1,1,1
0.18,0.97,0.07,255,255,255,255,218,931,1,1,1,1
0.21,0.97,0.05,255,255,255,255,221,930,1,1,1,1
0.19,0.98,0.07,255,255,255,255,221,930,1,1,1,1
0.17,0.98,0.09,255,255,255,255,221,930,1,1,1,1
0.2,0.97,0.06,255,255,255,255,224,932,1,1,1,1
0.19,0.97,0.06,255,255,255,255,218,930,1,1,1,1
0.2,0.97,0.06,255,255,255,255,221,930,1,1,1,1
0.19,0.97,0.05,255,255,255,255,221,929,1,1,1,1
0.21,0.98,0.06,255,255,255,255,221,928,1,1,1,1
0.2,0.96,0.04,255,255,255,255,223,932,1,1,1,1
0.21,0.96,0.06,255,255,255,255,220,930,1,1,1,1
0.21,0.96,0.07,255,255,255,255,221,929,1,1,1,1
0.22,0.97,0.06,255,255,255,255,221,929,1,1,1,1
0.21,0.97,0.05,255,255,255,255,220,929,1,1,1,1
0.2,0.94,0.06,255,255,255,255,221,931,1,1,1,1
0.19,0.97,0.07,255,255,255,255,216,930,1,1,1,1
0.2,0.98,0.06,255,255,255,255,220,929,1,1,1,1
0.21,0.97,0.06,255,255,255,255,220,929,1,1,1,1
0.22,0.96,0.06,255,255,255,255,218,928,1,1,1,1
0.2,0.97,0.05,255,255,255,255,223,931,1,1,1,1
0.2,0.96,0.08,255,255,255,255,220,930,1,1,1,1
0.21,0.96,0.05,255,255,255,255,220,928,1,1,1,1
0.21,0.96,0.07,255,255,255,255,221,929,1,1,1,1
0.19,0.96,0.05,255,255,255,255,221,929,1,1,1,1
0.2,0.97,0.05,255,255,255,255,223,930,1,1,1,1
0.2,0.97,0.06,255,255,255,255,221,930,1,1,1,1
0.2,0.97,0.08,255,255,255,255,223,930,1,1,1,1
-0.19,-0.22,0.95,1,170,1,255,1,1023,0,0,0,0
-0.18,-0.23,0.95,64,170,1,255,255,1018,0,0,0,0
-0.17,-0.23,0.97,64,170,1,255,1,1015,0,0,0,0
-0.16,-0.24,0.95,128,170,1,255,128,1018,0,0,0,0
-0.2,-0.24,0.95,191,170,1,255,1,1018,0,0,0,0
-0.11,-0.25,0.94,128,212,1,255,128,1018,0,0,0,0
-0.14,-0.21,0.98,64,255,1,255,128,1019,0,0,0,0
-0.06,-0.18,0.95,128,255,1,255,128,1019,0,0,0,0
-0.02,-0.22,1.03,255,255,1,255,1,1018,0,0,0,0
-0.1,-0.24,1.03,1,1,1,191,128,1016,0,0,0,0
0.01,-0.18,0.93,255,85,1,128,255,1016,0,0,0,0
0.02,-0.17,0.86,1,170,1,1,128,1020,0,0,0,0
-0.09,-0.2,0.95,255,212,1,191,1,1017,0,0,0,0
-0.1,-0.23,0.95,255,255,1,255,128,1010,0,0,0,0
-0.18,-0.17,0.96,255,43,1,1,128,1020,0,0,0,0
-0.09,-0.17,0.98,255,255,1,1,1,1018,0,0,0,0
-0.25,-0.25,1.08,255,212,1,1,128,1012,0,0,0,0
-0.12,-0.21,1.01,255,1,1,128,128,1020,0,0,1,0
-0.12,-0.2,0.99,255,43,1,255,128,1023,0,0,0,0
-0.01,-0.19,0.96,255,128,1,255,128,1017,0,0,0,0
0.01,-0.2,0.91,255,1,1,255,128,1019,0,0,0,0
-0.04,-0.15,0.95,255,128,1,255,255,1023,0,0,0,0
0.0,-0.15,0.94,255,1,1,255,255,1018,0,0,0,0
-0.02,-0.22,0.99,1,1,1,1,128,1019,0,0,0,0
-0.02,-0.19,0.95,1,85,1,128,255,1018,0,0,0,0
-0.02,-0.22,0.96,1,212,1,1,128,1016,0,0,0,0
-0.06,-0.22,1.0,1,85,1,64,128,1018,0,0,0,0
0.01,-0.25,0.97,1,128,1,1,255,1019,0,0,0,0
-0.04,-0.19,0.95,1,1,1,1,255,1020,0,0,0,0
-0.07,-0.21,0.96,1,1,1,1,128,1018,0,0,0,0
-0.01,-0.15,0.91,1,255,1,255,128,1016,0,0,0,0
-0.04,-0.23,0.99,1,255,1,64,255,1017,0,0,0,0
-0.01,-0.19,0.96,1,255,1,191,128,1018,0,0,0,0
-0.02,-0.23,0.97,1,255,1,191,128,1018,0,0,0,0
0.01,-0.22,0.97,1,255,1,64,128,1020,0,0,0,0
-0.07,-0.21,0.97,1,255,1,255,1,1019,0,0,0,0
-0.05,-0.24,0.96,1,255,1,255,128,1018,0,0,0,0
-0.05,-0.2,0.98,1,255,1,255,128,1016,0,0,0,0
-0.03,-0.23,0.98,1,255,1,255,128,1018,0,0,0,0
-0.04,-0.21,0.96,1,255,1,255,255,1018,0,0,0,0
-0.04,-0.22,0.95,1,255,1,255,128,1018,0,0,0,0
-0.04,-0.25,0.99,1,255,1,255,128,1019,0,0,0,0
-0.05,-0.22,0.99,1,255,1,255,128,1016,0,0,0,0
-0.09,-0.21,0.98,1,255,1,255,128,1017,0,0,0,0
-0.06,-0.18,0.96,1,255,1,255,128,1019,0,0,0,0
-0.08,-0.19,0.96,1,255,1,255,1,1017,0,0,0,0
-0.05,-0.17,0.96,1,255,1,255,128,1018,0,0,0,0
-0.06,-0.18,0.95,1,255,1,255,128,1018,0,0,0,0
-0.06,-0.16,0.92,1,255,1,255,128,1020,0,0,0,0
-0.08,-0.19,0.95,1,255,1,255,128,1018,0,0,0,0
-0.08,-0.15,0.94,1,255,1,255,255,1023,0,0,0,0
-0.09,-0.17,0.95,1,255,1,255,128,1016,0,0,0,0
-0.09,-0.21,0.99,1,255,1,255,128,1018,0,0,0,0
-0.15,-0.18,1.0,1,255,1,255,255,1019,0,0,0,0
-0.12,-0.19,0.98,1,255,1,255,128,1020,0,0,0,0
-0.11,-0.17,0.99,1,255,1,255,128,1016,0,0,0,0
-0.15,-0.18,0.97,1,255,1,255,128,1016,0,0,0,0
-0.08,-0.16,0.99,1,255,1,255,128,1016,0,0,0,0
-0.1,-0.19,0.96,1,255,1,255,128,1021,0,0,0,0
-0.18,-0.19,0.97,1,255,1,255,128,1019,0,0,0,0
-0.11,-0.18,0.98,1,255,1,255,128,1018,0,0,0,0
-0.14,-0.21,0.96,1,255,1,255,128,1021,0,0,0,0
-0.16,-0.21,0.98,1,255,1,255,1,1016,0,0,0,0
-0.13,-0.14,0.95,1,255,1,255,255,1022,0,0,0,0
-0.2,-0.18,0.93,1,255,1,255,128,1017,0,0,0,0
-0.13,-0.17,0.95,1,255,1,255,128,1018,0,0,0,0
-0.09,-0.18,0.94,1,255,1,255,1,1015,0,0,0,0
-0.14,-0.14,0.97,1,255,1,255,128,1013,0,0,0,0
-0.14,-0.2,0.99,1,255,1,255,128,1016,0,0,0,0
-0.1,-0.17,0.95,1,255,1,255,128,1018,0,0,0,0
-0.14,-0.23,0.94,255,1,1,255,128,1015,0,0,0,0
-0.15,-0.27,1.0,1,170,1,191,1,1019,0,0,0,0
-0.13,-0.27,0.99,191,170,1,255,128,1019,0,0,0,0
-0.15,-0.25,0.92,191,212,1,255,128,1018,0,0,0,0
-0.15,-0.27,0.95,1,212,1,255,128,1017,0,0,0,0
-0.11,-0.26,0.93,64,255,1,255,1,1019,0,0,0,0
-0.06,-0.26,0.94,255,1,1,255,1,1013,0,0,0,0
-0.12,-0.31,0.99,255,1,1,255,128,1017,0,0,0,0
-0.12,-0.29,0.96,255,1,1,255,128,1019,0,0,0,0
-0.13,-0.28,0.92,255,1,1,255,128,1020,0,0,0,0
-0.15,-0.27,0.91,255,1,1,255,1,1016,0,0,0,0
-0.08,-0.24,0.93,64,43,1,255,255,1016,0,0,0,0
-0.04,-0.26,0.9,255,212,1,255,128,1018,0,0,0,0
-0.1,-0.3,0.95,255,170,1,255,1,1017,0,0,0,0
-0.14,-0.28,0.97,255,212,1,255,128,1018,0,0,0,0
-0.13,-0.29,0.95,255,85,1,255,1,1018,0,0,0,0
-0.17,-0.32,0.97,255,85,1,255,1,1015,0,0,0,0
-0.15,-0.34,0.98,255,85,1,255,1,1018,0,0,0,0
-0.18,-0.35,1.04,255,85,1,255,128,1019,0,0,0,0
-0.03,-0.3,0.91,255,1,1,255,128,1023,0,0,0,0
-0.04,-0.24,0.95,255,128,1,255,1,1023,0,0,0,0
-0.07,-0.24,0.83,255,85,1,255,128,1020,0,0,0,0
-0.0,-0.27,0.93,191,170,1,255,128,1016,0,0,0,0
-0.05,-0.26,0.94,255,128,1,255,1,1021,0,0,0,0
-0.03,-0.25,0.92,64,212,1,255,255,1016,0,0,0,0
-0.03,-0.25,0.94,255,170,1,255,128,1018,0,0,0,0
-0.04,-0.28,0.95,128,212,1,255,1,1018,0,0,0,0
-0.04,-0.28,0.95,1,255,1,255,128,1020,0,0,0,0
-0.05,-0.3,0.96,64,255,1,255,128,1014,0,0,0,0
-0.04,-0.3,0.94,191,170,1,255,1,1019,0,0,0,0
-0.3,0.18,-0.98,255,255,255,54,77,1021,0,0,0,1
-0.3,0.17,-0.98,255,255,255,53,77,1020,0,0,0,1
-0.29,0.19,-0.98,255,255,255,54,77,1022,0,0,0,1
-0.29,0.17,-0.98,255,255,255,57,77,1023,0,0,0,1
-0.28,0.17,-0.99,255,255,255,53,77,1021,0,0,0,1
-0.28,0.17,-0.99,255,255,255,56,77,1020,0,0,0,1
-0.27,0.17,-0.98,255,255,255,53,77,1023,0,0,0,1
-0.25,0.17,-0.99,255,255,255,53,78,1021,0,0,0,1
-0.28,0.17,-1.0,255,255,255,54,81,1022,0,0,0,1
-0.28,0.17,-0.99,255,255,255,51,78,1023,0,0,0,1
-0.3,0.17,-0.99,255,255,255,48,78,1021,0,0,0,1
-0.28,0.17,-0.98,255,255,255,56,78,1021,0,0,0,1
-0.26,0.17,-0.99,255,255,255,51,81,1021,0,0,0,1
-0.28,0.17,-1.0,255,255,255,48,80,1021,0,0,0,1
-0.28,0.17,-1.01,255,255,255,54,83,1020,0,0,0,1
-0.28,0.16,-1.0,255,255,255,54,81,1021,0,0,0,1
-0.28,0.18,-0.99,255,255,255,54,80,1021,0,0,0,1
-0.28,0.17,-0.99,255,255,255,56,83,1018,0,0,0,1
-0.28,0.18,-0.99,255,255,255,54,77,1021,0,0,0,1
-0.29,0.18,-0.99,255,255,255,54,78,1022,0,0,0,1
-0.3,0.18,-1.0,255,255,255,54,83,1018,0,0,0,1
-0.28,0.18,-0.97,255,255,255,57,78,1021,0,0,0,1
-0.28,0.18,-0.97,255,255,255,54,78,1021,0,0,0,1
-0.29,0.18,-0.98,255,255,255,56,80,1020,0,0,0,1
-0.29,0.18,-0.98,255,255,255,57,80,1022,0,0,0,1
-0.29,0.17,-0.98,255,255,255,56,80,1021,0,0,0,1
-0.28,0.19,-0.99,255,255,255,56,80,1020,0,0,0,1
-0.26,0.17,-0.98,255,255,255,56,81,1022,0,0,0,1
-0.28,0.18,-0.99,255,255,255,56,81,1021,0,0,0,1
-0.28,0.17,-0.98,255,255,255,56,80,1021,0,0,0,1
-0.28,0.18,-0.98,255,255,255,54,83,1021,0,0,0,1
-0.29,0.18,-1.0,255,255,255,56,81,1021,0,0,0,1
-0.28,0.17,-0.99,255,255,255,56,81,1021,0,0,0,1
-0.31,0.19,-0.99,255,255,255,56,84,1020,0,0,0,1
-0.29,0.19,-0.98,255,255,255,57,81,1018,0,0,0,1
-0.3,0.19,-0.98,255,255,255,57,83,1021,0,0,0,1
-0.3,0.2,-0.97,255,255,251,57,83,1018,0,0,0,1
-0.31,0.18,-0.96,255,255,255,60,83,1020,0,0,0,1
-0.31,0.19,-0.98,255,255,255,59,83,1023,0,0,0,1
-0.3,0.19,-0.98,255,255,253,54,83,1021,0,0,0,1
-0.31,0.19,-0.97,255,255,255,57,83,1023,0,0,0,1
-0.31,0.2,-0.98,255,255,255,56,83,1023,0,0,0,1
-0.31,0.19,-0.98,255,255,255,51,83,1020,0,0,0,1
-0.32,0.19,-0.96,255,255,255,59,84,1021,0,0,0,1
-0.31,0.2,-0.99,255,255,255,57,84,1023,0,0,0,1
-0.31,0.2,-0.97,255,255,255,51,83,1021,0,0,0,1
-0.29,0.21,-0.97,255,255,255,59,81,1023,0,0,0,1
-0.32,0.19,-0.97,255,255,255,57,86,1022,0,0,0,1
-0.32,0.2,-0.96,255,255,255,57,83,1021,0,0,0,1
-0.32,0.2,-0.96,255,255,255,57,86,1019,0,0,0,1
-0.31,0.2,-0.96,255,255,255,59,77,1021,0,0,0,1
-0.32,0.2,-0.97,255,255,255,59,78,1021,0,0,0,1
-0.31,0.2,-0.96,255,255,255,56,84,1019,0,0,0,1
-0.32,0.2,-0.96,255,255,255,60,78,1020,0,0,0,1
-0.32,0.2,-0.96,255,255,255,59,78,1021,0,0,0,1
-0.31,0.2,-0.97,255,255,255,65,78,1020,0,0,0,1
-0.32,0.2,-0.97,255,255,255,62,81,1022,0,0,0,1
-0.31,0.21,-0.97,255,255,255,59,81,1021,0,0,0,1
-0.31,0.21,-0.96,255,255,255,59,81,1020,0,0,0,1
-0.32,0.2,-0.97,255,255,255,59,81,1022,0,0,0,1
-0.33,0.19,-0.97,255,255,255,59,81,1020,0,0,0,1
-0.31,0.2,-0.96,255,255,255,65,81,1021,0,0,0,1
-0.32,0.21,-0.96,255,255,255,59,84,1021,0,0,0,1
-0.32,0.21,-0.97,255,255,255,59,81,1020,0,0,0,1
-0.32,0.2,-0.97,255,255,255,59,81,1022,0,0,0,1
-0.31,0.2,-0.96,255,255,253,59,83,1019,0,0,0,1
-0.32,0.2,-0.97,255,255,255,59,81,1019,0,0,0,1
-0.32,0.2,-0.95,255,255,255,62,83,1021,0,0,0,1
-0.32,0.2,-0.97,255,255,255,57,81,1022,0,0,0,1
-0.31,0.2,-0.96,255,255,255,59,83,1023,0,0,0,1
-0.32,0.2,-0.97,255,255,255,59,81,1023,0,0,0,1
-0.32,0.2,-0.97,255,255,255,57,83,1021,0,0,0,1
-0.31,0.21,-0.97,255,255,255,57,83,1023,0,0,0,1
-0.32,0.21,-0.98,255,255,255,56,83,1023,0,0,0,1
-0.33,0.2,-0.97,255,255,255,53,83,1022,0,0,0,1
-0.32,0.21,-0.96,255,255,255,57,83,1020,0,0,0,1
-0.32,0.2,-0.97,255,255,255,56,86,1022,0,0,0,1
-0.32,0.2,-0.98,255,255,255,54,81,1021,0,0,0,1
-0.31,0.2,-0.96,255,255,255,59,86,1021,0,0,0,1
-0.32,0.21,-0.97,255,255,255,57,84,1022,0,0,0,1
-0.32,0.21,-0.98,255,255,255,57,81,1021,0,0,0,1
-0.32,0.19,-0.97,255,255,255,57,86,1019,0,0,0,1
-0.33,0.21,-0.96,255,255,255,59,80,1021,0,0,0,1
-0.32,0.19,-0.98,255,255,255,57,78,1021,0,0,0,1
-0.32,0.2,-0.98,255,255,255,59,83,1018,0,0,0,1
-0.32,0.19,-0.95,255,255,255,60,80,1022,0,0,0,1
-0.33,0.2,-0.97,255,255,255,57,78,1021,0,0,0,1
-0.31,0.2,-0.96,255,255,255,57,83,1021,0,0,0,1
-0.34,0.2,-0.96,255,255,255,59,83,1022,0,0,0,1
-0.32,0.21,-0.96,255,255,255,57,83,1021,0,0,0,1
-0.33,0.2,-0.95,255,255,255,57,83,1021,0,0,0,1
-0.33,0.21,-0.96,255,255,255,57,84,1021,0,0,0,1
-0.33,0.21,-0.97,255,255,255,57,83,1021,0,0,0,1
-0.33,0.2,-0.97,255,255,255,59,83,1021,0,0,0,1
-0.33,0.2,-0.96,255,255,255,57,81,1021,0,0,0,1
-0.33,0.2,-0.96,255,255,255,59,83,1023,0,0,0,1
-0.33,0.2,-0.94,255,255,253,59,81,1021,0,0,0,1
-0.32,0.19,-0.97,255,255,251,59,83,1018,0,0,0,1
-0.32,0.2,-0.97,255,255,255,59,83,1019,0,0,0,1
-0.33,0.2,-0.97,255,255,253,62,83,1023,0,0,0,1
0.08,0.97,0.28,244,51,31,37,249,1020,0,1,1,0
0.03,1.01,0.16,239,53,31,37,244,1023,0,1,1,0
0.03,0.97,0.24,239,54,31,37,230,1022,0,1,1,0
0.06,0.95,0.14,236,54,33,37,232,1022,0,1,1,0
0.19,0.91,0.13,239,54,31,36,232,1020,0,1,1,0
0.16,0.91,0.13,242,53,33,38,233,1021,0,1,1,0
-0.05,1.04,0.45,242,50,31,38,232,1022,0,1,1,0
-0.01,1.0,0.08,244,54,34,41,230,1021,0,1,1,0
-0.01,0.94,0.26,236,53,36,41,228,1023,0,1,1,0
0.31,0.86,0.29,242,56,34,40,225,1022,0,1,1,0
-0.14,0.97,0.27,244,56,36,41,226,1022,0,1,1,0
-0.07,1.01,0.52,242,56,31,38,225,1021,0,1,1,0
0.21,0.91,0.26,239,56,36,41,230,1022,0,1,1,0
0.2,0.87,0.37,242,51,34,41,226,1022,0,1,1,0
0.1,0.88,0.44,242,54,36,41,226,1021,0,1,1,0
0.08,0.92,0.19,239,54,39,41,233,1023,0,1,1,0
0.12,1.07,0.11,252,53,37,37,223,1022,0,1,1,0
0.11,0.97,0.17,255,79,57,43,196,1023,0,1,0,0
0.14,0.96,0.23,247,48,25,24,196,1020,0,1,1,0
0.04,0.84,0.23,249,54,27,28,226,1021,0,1,1,0
0.12,0.92,0.15,244,54,25,36,223,1022,0,1,1,0
0.14,0.98,0.21,244,62,45,31,223,1023,0,1,1,0
0.04,0.92,0.2,255,61,41,33,249,1022,0,1,1,0
0.01,0.97,0.15,255,62,42,36,253,1022,0,1,1,0
0.08,0.81,0.26,255,64,45,36,255,1023,0,1,1,0
-0.16,0.91,0.45,255,68,44,36,246,1022,0,1,1,0
-0.08,0.91,0.15,255,67,44,37,242,1023,0,1,1,0
0.09,0.9,0.24,255,65,45,30,239,1022,0,1,1,0
0.01,0.95,0.25,255,64,47,36,240,1021,0,1,1,0
0.12,1.01,0.17,255,44,36,36,244,1023,0,1,1,0
0.08,0.79,0.13,255,54,37,40,237,1022,0,1,1,0
-0.04,0.9,0.24,252,57,42,40,237,1022,0,1,1,0
0.03,0.93,0.28,255,54,37,40,242,1022,0,1,1,0
0.06,0.93,0.23,252,56,41,38,246,1023,0,1,1,0
0.07,0.94,0.28,255,64,41,38,240,1021,0,1,1,0
0.05,0.94,0.31,255,61,42,40,244,1022,0,1,1,0
0.03,0.92,0.33,255,61,44,37,240,1021,0,1,1,0
0.0,0.93,0.34,255,61,45,38,235,1021,0,1,1,0
-0.01,0.95,0.38,255,61,41,38,237,1022,0,1,1,0
0.07,0.88,0.37,255,59,41,38,240,1022,0,1,1,0
0.04,0.92,0.38,255,57,42,40,239,1022,0,1,1,0
0.04,0.91,0.36,255,61,47,40,233,1021,0,1,1,0
0.03,0.92,0.35,252,59,45,40,233,1023,0,1,1,0
0.01,0.91,0.36,255,65,44,40,226,1022,0,1,1,0
0.04,0.91,0.36,255,62,44,41,226,1022,0,1,1,0
0.0,0.94,0.32,255,61,44,34,225,1019,0,1,1,0
-0.01,0.9,0.29,255,61,47,40,228,1021,0,1,1,0
0.0,0.95,0.29,255,62,41,38,228,1020,0,1,1,0
0.04,0.93,0.3,255,64,45,40,228,1021,0,1,1,0
-0.0,0.99,0.4,255,57,44,41,232,1022,0,1,1,0
0.03,0.95,0.22,255,62,47,41,240,1021,0,1,1,0
0.08,0.94,0.27,255,61,47,41,239,1023,0,1,1,0
0.11,0.92,0.32,255,62,45,41,235,1022,0,1,1,0
0.14,0.92,0.3,255,64,44,43,232,1022,0,1,1,0
-0.0,0.92,0.3,255,62,45,34,232,1020,0,1,1,0
0.06,0.92,0.32,255,61,45,43,233,1022,0,1,1,0
0.03,0.92,0.23,255,62,44,38,233,1021,0,1,1,0
0.09,0.93,0.32,255,64,45,41,239,1023,0,1,1,0
0.12,0.93,0.28,255,61,45,41,233,1022,0,1,1,0
0.14,0.88,0.33,255,62,48,41,232,1021,0,1,1,0
0.04,0.98,0.53,255,61,47,41,232,1023,0,1,1,0
0.12,0.89,0.41,255,67,44,41,228,1022,0,1,1,0
0.09,0.89,0.42,255,62,45,41,233,1022,0,1,1,0
0.09,0.88,0.42,255,61,45,36,228,1022,0,1,1,0
0.09,0.89,0.41,255,62,48,41,230,1021,0,1,1,0
0.08,0.88,0.44,252,62,39,40,228,1022,0,1,1,0
0.08,0.88,0.42,252,64,45,41,235,1022,0,1,1,0
0.09,0.91,0.39,255,56,45,41,230,1019,0,1,1,0
0.08,0.9,0.41,255,62,47,41,228,1020,0,1,1,0
0.08,0.9,0.41,249,62,45,41,225,1023,0,1,1,0
0.08,0.85,0.39,255,62,50,38,228,1022,0,1,1,0
0.02,0.91,0.37,255,62,48,40,230,1023,0,1,1,0
0.01,0.9,0.33,255,64,47,41,225,1022,0,1,1,0
-0.05,0.95,0.3,255,64,47,41,228,1022,0,1,1,0
0.04,0.94,0.37,255,64,47,38,235,1020,0,1,1,0
0.08,0.88,0.35,255,64,47,41,237,1021,0,1,1,0
0.11,0.91,0.38,255,62,45,40,235,1022,0,1,1,0
0.09,0.91,0.37,255,62,47,43,232,1021,0,1,1,0
0.12,0.89,0.4,249,62,47,43,232,1022,0,1,1,0
0.09,0.89,0.4,255,62,51,40,232,1022,0,1,1,0
0.06,0.9,0.41,255,62,48,40,232,1022,0,1,1,0
0.07,0.89,0.4,255,67,47,41,225,1022,0,1,1,0
0.03,0.92,0.4,255,64,47,43,230,1022,0,1,1,0
0.05,0.89,0.34,255,64,47,40,230,1020,0,1,1,0
0.08,0.89,0.41,255,62,48,41,232,1021,0,1,1,0
0.08,0.9,0.37,255,62,42,41,230,1023,0,1,1,0
0.06,0.89,0.42,255,64,47,43,230,1022,0,1,1,0
0.05,0.89,0.42,255,61,47,43,226,1022,0,1,1,0
0.07,0.89,0.39,255,62,47,43,225,1020,0,1,1,0
0.09,0.91,0.4,255,62,48,41,221,1023,0,1,1,0
0.08,0.9,0.47,255,64,48,41,219,1021,0,1,1,0
0.09,0.93,0.32,255,64,47,43,223,1023,0,1,1,0
0.08,0.86,0.47,255,62,48,38,221,1021,0,1,1,0
0.08,0.87,0.43,255,62,48,43,223,1022,0,1,1,0
0.06,0.88,0.38,255,64,44,41,221,1021,0,1,1,0
-0.02,0.97,0.32,255,64,47,41,228,1021,0,1,1,0
0.19,0.93,0.28,249,56,47,41,228,1021,0,1,1,0
-0.05,0.96,0.33,255,64,48,43,223,1021,0,1,1,0
0.16,0.97,0.33,249,62,48,43,223,1023,0,1,1,0
0.11,0.86,0.31,252,64,50,41,221,1022,0,1,1,0
-0.24,-0.29,0.92,219,200,1,156,109,1020,0,1,1,1
-0.11,-0.42,0.97,211,227,1,170,109,1020,0,1,1,1
-0.14,-0.38,0.91,219,236,1,184,73,1023,0,1,1,1
-0.2,-0.34,0.86,211,236,1,184,109,1022,0,1,1,1
-0.15,-0.32,0.88,211,245,1,198,146,1019,0,1,1,1
-0.23,-0.42,0.87,211,245,1,184,73,1020,0,0,1,1
-0.31,-0.39,0.9,211,255,1,212,109,1020,0,0,1,1
-0.26,-0.36,0.88,211,245,1,212,73,1023,0,0,1,1
-0.26,-0.32,0.89,219,245,1,184,109,1018,0,0,1,1
-0.3,-0.34,0.87,219,245,1,212,73,1019,0,0,1,1
-0.29,-0.32,0.81,219,236,1,198,109,1015,0,0,1,1
-0.27,-0.43,0.87,219,245,1,198,109,1019,0,0,1,1
-0.29,-0.35,0.82,219,245,1,184,109,1020,0,0,1,1
-0.21,-0.41,0.89,237,245,1,212,73,1018,0,0,1,1
-0.23,-0.37,0.91,211,255,1,198,109,1019,0,0,1,1
-0.13,-0.36,0.93,255,218,1,184,109,1021,0,1,1,1
-0.12,-0.37,0.9,255,209,1,113,73,1019,0,1,1,1
-0.2,-0.41,0.89,255,218,1,128,146,1020,0,1,1,1
-0.2,-0.45,0.89,255,236,1,156,109,1019,0,1,1,1
-0.19,-0.45,0.91,255,245,1,156,109,1023,0,1,1,1
-0.08,-0.11,0.95,255,245,1,142,73,1018,0,0,1,1
-0.25,-0.3,1.36,255,236,1,170,146,1020,0,0,1,1
0.01,-0.28,0.99,255,218,1,156,109,1021,0,1,1,1
-0.01,-0.29,0.94,255,236,1,156,109,1021,0,1,1,1
-0.02,-0.33,1.0,255,236,1,184,109,1023,0,1,1,1
0.01,-0.17,0.93,255,245,1,170,146,1020,0,1,1,1
-0.06,-0.24,0.91,255,245,1,184,109,1022,0,1,1,1
-0.12,-0.28,0.95,255,245,1,184,109,1023,0,1,1,1
-0.1,-0.31,0.94,246,236,1,184,109,1012,0,0,1,1
-0.11,-0.33,0.92,246,255,1,198,73,1018,0,0,1,1
-0.13,-0.32,0.93,246,236,1,198,109,1017,0,1,1,0
-0.13,-0.35,0.95,219,236,1,198,73,1016,0,0,1,0
-0.12,-0.33,0.91,211,227,1,198,109,1018,0,0,1,1
-0.11,-0.36,0.94,202,218,1,212,109,1015,0,0,1,1
-0.3,-0.21,0.9,211,209,1,198,109,1017,0,0,1,1
-0.16,-0.3,0.96,255,191,1,142,109,1021,0,0,1,1
-0.11,-0.28,0.93,255,200,1,156,109,1023,0,0,1,1
-0.5,-0.21,1.1,255,209,1,142,109,1018,0,0,1,1
-0.08,-0.2,0.88,255,200,1,156,109,1021,0,0,1,1
-0.03,-0.25,0.93,255,218,1,170,109,1015,0,0,1,1
-0.06,-0.27,0.95,255,209,1,170,109,1018,0,0,1,1
-0.07,-0.32,0.99,255,227,1,170,109,1017,0,0,1,1
-0.06,-0.27,1.04,255,218,1,170,109,1019,0,0,1,1
-0.13,-0.22,0.96,255,227,1,170,146,1013,0,0,1,1
-0.07,-0.24,0.95,255,227,1,170,109,1020,0,0,1,1
-0.08,-0.26,0.93,255,236,1,184,109,1020,0,0,1,1
-0.19,-0.31,1.03,255,236,1,184,109,1017,0,0,1,1
-0.07,-0.34,0.99,255,218,1,198,109,1018,0,0,1,1
-0.06,-0.27,0.86,255,218,1,212,146,1017,0,0,1,1
-0.16,-0.35,0.94,255,227,1,212,109,1019,0,0,1,1
-0.09,-0.35,0.9,255,227,1,198,109,1018,0,0,1,1
-0.13,-0.36,0.91,255,227,1,212,109,1017,0,0,1,1
-0.09,-0.38,0.95,255,218,1,212,109,1019,0,0,1,1
-0.1,-0.35,0.92,255,245,1,226,109,1018,0,0,1,1
-0.11,-0.37,0.92,255,236,1,226,109,1018,0,0,1,1
-0.11,-0.39,0.95,255,245,1,226,109,1023,0,0,1,1
-0.14,-0.38,0.91,255,245,1,240,73,1017,0,0,1,1
-0.13,-0.36,0.91,255,227,1,226,109,1020,0,0,1,1
-0.12,-0.37,0.87,255,236,1,226,146,1020,0,0,1,1
-0.13,-0.39,0.9,255,245,1,226,109,1017,0,0,1,1
-0.14,-0.4,0.92,255,255,1,226,109,1023,0,0,1,1
-0.17,-0.39,0.9,255,245,1,226,109,1018,0,0,1,1
-0.19,-0.39,0.87,255,245,1,226,109,1023,0,0,1,1
-0.26,-0.33,0.86,246,236,1,240,109,1017,0,0,1,1
-0.18,-0.4,0.87,255,236,1,240,109,1018,0,0,1,1
-0.24,-0.38,0.86,255,245,1,240,73,1017,0,0,1,1
-0.22,-0.41,0.85,255,255,1,240,109,1017,0,0,1,1
-0.2,-0.45,0.87,255,245,1,240,109,1020,0,0,1,1
-0.17,-0.46,0.88,255,245,1,240,109,1021,0,0,1,1
-0.1,-0.34,0.78,255,245,1,255,109,1018,0,0,1,1
-0.33,-0.43,0.83,246,245,1,255,146,1018,0,0,1,1
-0.23,-0.5,0.88,255,245,1,255,146,1018,0,0,1,1
-0.14,-0.43,0.84,255,255,1,255,146,1020,0,1,1,1
-0.18,-0.4,0.86,255,227,1,226,146,1021,0,1,1,1
-0.17,-0.4,0.9,255,227,1,240,109,1023,0,1,1,1
-0.24,-0.52,0.85,255,227,1,240,109,1017,0,0,1,1
-0.15,-0.52,0.86,255,227,1,240,109,1023,0,0,1,1
-0.16,-0.45,0.85,255,255,1,255,109,1018,0,0,1,1
-0.12,-0.44,0.85,255,245,1,226,109,1020,0,1,1,1
0.07,-0.43,0.88,255,236,1,184,146,1023,0,1,1,1
-0.09,-0.38,0.98,255,255,1,198,109,1019,0,0,1,1
-0.18,-0.4,0.95,255,255,1,212,146,1018,0,0,1,1
-0.1,-0.32,0.85,255,255,1,226,109,1019,0,0,1,1
-0.23,-0.32,0.89,255,255,1,240,146,1017,0,0,1,1
-0.21,-0.34,0.87,255,255,1,240,109,1019,0,0,1,1
-0.19,-0.36,0.93,255,255,1,226,109,1018,0,0,1,1
-0.2,-0.37,0.89,255,255,1,226,146,1017,0,0,1,1
-0.22,-0.41,0.91,255,255,1,240,109,1015,0,0,1,1
-0.21,-0.4,0.92,255,255,1,240,109,1020,0,0,1,1
-0.22,-0.42,0.9,255,255,1,255,146,1016,0,0,1,1
-0.24,-0.42,0.9,255,236,1,240,146,1018,0,0,1,1
-0.26,-0.4,0.89,255,236,1,255,109,1019,0,0,1,1
-0.18,-0.32,1.02,255,255,1,198,109,1017,0,0,1,1
-0.12,-0.25,0.85,255,245,1,212,109,1017,0,0,1,1
-0.18,-0.39,1.04,255,236,1,226,109,1015,0,0,1,1
-0.19,-0.37,0.97,255,218,1,226,146,1014,0,0,1,1
-0.26,-0.38,0.83,255,227,1,240,109,1019,0,0,1,1
-0.25,-0.37,0.88,255,245,1,240,146,1022,0,0,1,1
-0.3,-0.39,0.89,255,236,1,240,109,1019,0,0,1,1
-0.35,-0.39,0.88,255,236,1,240,109,1015,0,0,1,0
